player_id,team_id,of_def_flag,"Right Side(R), 8-16 ft.","Right Side(R), 16-24 ft.","Right Side(R), 24+ ft.","Left Side(L), 8-16 ft.","Left Side(L), 16-24 ft.","Left Side(L), 24+ ft.","Center(C), Less Than 8 ft.","Center(C), 8-16 ft.","Center(C), 16-24 ft.","Center(C), 24+ ft.","Right Side Center(RC), 16-24 ft.","Right Side Center(RC), 24+ ft.","Left Side Center(LC), 16-24 ft.","Left Side Center(LC), 24+ ft."
Aaron Brooks,Chicago Bulls,def,2891.0,13288.0,2906.0,3569.0,4329.0,11535.0,2620.0,670.0,4782.0,3561.0,10352.0,1722.0,1178.0,4452.0
Aaron Brooks,Chicago Bulls,of,2465.0,12405.0,2240.0,2831.0,2972.0,7194.0,1559.0,277.0,3653.0,2848.0,8825.0,1528.0,881.0,3484.0
Aaron Gordon,Orlando Magic,def,6135.0,13286.0,7312.0,14290.0,5248.0,7003.0,4217.0,3108.0,11317.0,5124.0,6940.0,4839.0,3996.0,10543.0
Aaron Gordon,Orlando Magic,of,7176.0,15245.0,8029.0,15552.0,4924.0,7064.0,4080.0,3591.0,10906.0,5393.0,7198.0,4591.0,4076.0,11346.0
Adreian Payne,Minnesota Timberwolves,def,2904.0,6184.0,3170.0,5840.0,1757.0,1347.0,708.0,226.0,2532.0,1695.0,1091.0,711.0,158.0,2942.0
Adreian Payne,Minnesota Timberwolves,of,4253.0,9849.0,4329.0,8192.0,2665.0,2197.0,818.0,368.0,4421.0,2662.0,1790.0,785.0,288.0,4185.0
Al Horford,Atlanta Hawks,def,19429.0,34359.0,27455.0,35479.0,7523.0,4620.0,2011.0,969.0,15470.0,7800.0,4673.0,3431.0,1588.0,19334.0
Al Horford,Atlanta Hawks,of,18573.0,33009.0,26424.0,33694.0,7968.0,4562.0,2052.0,947.0,14732.0,7887.0,4919.0,3670.0,1727.0,18251.0
Al Jefferson,Charlotte Hornets,def,6379.0,11757.0,11754.0,13971.0,2173.0,1276.0,590.0,19.0,9091.0,2529.0,912.0,380.0,14.0,6083.0
Al Jefferson,Charlotte Hornets,of,5488.0,9988.0,10965.0,12324.0,1932.0,1156.0,475.0,7.0,9555.0,2109.0,866.0,316.0,17.0,5385.0
Al-Farouq Aminu,Portland Trail Blazers,def,10233.0,24270.0,11779.0,19907.0,10191.0,18841.0,5380.0,7889.0,15568.0,11197.0,16682.0,5158.0,7777.0,19177.0
Al-Farouq Aminu,Portland Trail Blazers,of,9868.0,22192.0,11761.0,20179.0,10346.0,18695.0,5156.0,7548.0,16857.0,9726.0,16671.0,4853.0,7025.0,17975.0
Alec Burks,Utah Jazz,def,5057.0,17950.0,4986.0,9021.0,6312.0,14294.0,4186.0,4587.0,7943.0,6372.0,12599.0,4300.0,4813.0,9146.0
Alec Burks,Utah Jazz,of,4878.0,17289.0,4510.0,8448.0,5722.0,13991.0,4359.0,4400.0,8068.0,5706.0,12629.0,3902.0,4130.0,7258.0
Alex Len,Phoenix Suns,def,11497.0,17192.0,16512.0,24477.0,6407.0,1693.0,617.0,2.0,13715.0,4028.0,1117.0,649.0,101.0,9928.0
Alex Len,Phoenix Suns,of,9619.0,15029.0,14086.0,21163.0,4212.0,1308.0,631.0,111.0,12154.0,3342.0,859.0,509.0,39.0,8652.0
Alexis Ajinca,New Orleans Pelicans,def,5602.0,8611.0,6930.0,10490.0,2471.0,989.0,191.0,15.0,4884.0,2970.0,991.0,269.0,15.0,4767.0
Alexis Ajinca,New Orleans Pelicans,of,7216.0,11391.0,8343.0,12760.0,3042.0,1334.0,367.0,45.0,6252.0,3660.0,1438.0,345.0,54.0,4972.0
Allen Crabbe,Portland Trail Blazers,def,7023.0,17550.0,7021.0,9499.0,10137.0,26316.0,7064.0,7410.0,13579.0,9786.0,25491.0,5954.0,6066.0,15432.0
Allen Crabbe,Portland Trail Blazers,of,6698.0,18530.0,6124.0,9071.0,9630.0,25811.0,6718.0,6982.0,13291.0,8751.0,25349.0,4772.0,6204.0,14313.0
Amir Johnson,Boston Celtics,def,13918.0,26907.0,14936.0,27695.0,6309.0,4041.0,992.0,579.0,9386.0,6004.0,3758.0,900.0,531.0,9259.0
Amir Johnson,Boston Celtics,of,13634.0,27173.0,16725.0,27276.0,5844.0,4197.0,990.0,394.0,10354.0,5759.0,3716.0,1029.0,353.0,9313.0
Andre Drummond,Detroit Pistons,def,21811.0,33870.0,35745.0,45541.0,5560.0,2736.0,794.0,64.0,15433.0,7143.0,2307.0,736.0,50.0,15190.0
Andre Drummond,Detroit Pistons,of,22353.0,32073.0,36586.0,47705.0,5888.0,2214.0,928.0,44.0,15940.0,7281.0,2334.0,634.0,143.0,14963.0
Andre Iguodala,Golden State Warriors,def,8922.0,20495.0,9704.0,13811.0,10097.0,18962.0,7307.0,2932.0,15899.0,9472.0,19309.0,8173.0,4695.0,16438.0
Andre Iguodala,Golden State Warriors,of,7910.0,20702.0,8094.0,12854.0,10390.0,18922.0,8092.0,2909.0,14004.0,8838.0,17295.0,7391.0,4069.0,13287.0
Andre Roberson,Oklahoma City Thunder,def,5087.0,11890.0,4856.0,11107.0,6748.0,14170.0,6823.0,12371.0,10131.0,6194.0,9754.0,4661.0,4641.0,10777.0
Andre Roberson,Oklahoma City Thunder,of,6571.0,12886.0,6023.0,12733.0,7585.0,16068.0,7608.0,12882.0,11178.0,7564.0,10116.0,5570.0,5493.0,11838.0
Andrew Bogut,Golden State Warriors,def,7235.0,15637.0,16653.0,26518.0,3655.0,2594.0,545.0,11.0,8042.0,3384.0,2632.0,1005.0,25.0,10038.0
Andrew Bogut,Golden State Warriors,of,8269.0,17638.0,18192.0,28348.0,3640.0,2718.0,707.0,2.0,9534.0,3671.0,2707.0,954.0,34.0,10228.0
Andrew Wiggins,Minnesota Timberwolves,def,10436.0,27549.0,10887.0,20496.0,13569.0,26084.0,7391.0,6089.0,19202.0,13246.0,21870.0,7444.0,4790.0,22689.0
Andrew Wiggins,Minnesota Timberwolves,of,8678.0,24529.0,9219.0,17708.0,12434.0,24479.0,6554.0,4638.0,19990.0,12693.0,23966.0,8122.0,6338.0,21390.0
Anthony Brown,Los Angeles Lakers,def,1629.0,3841.0,1272.0,2490.0,1937.0,5321.0,2126.0,2563.0,2702.0,1710.0,4528.0,1804.0,2406.0,2596.0
Anthony Brown,Los Angeles Lakers,of,1781.0,4971.0,1776.0,4004.0,2656.0,7344.0,3260.0,3582.0,4373.0,2603.0,6672.0,2572.0,3099.0,4254.0
Anthony Davis,New Orleans Pelicans,def,21697.0,38926.0,22146.0,28354.0,9824.0,5575.0,1994.0,674.0,15064.0,10508.0,4398.0,2189.0,423.0,16484.0
Anthony Davis,New Orleans Pelicans,of,20686.0,37036.0,20026.0,27176.0,10614.0,5548.0,2492.0,538.0,14611.0,9446.0,3797.0,1631.0,554.0,14408.0
Anthony Tolliver,Detroit Pistons,def,9956.0,17604.0,10844.0,15423.0,6345.0,7984.0,1975.0,3379.0,8217.0,5699.0,6933.0,2124.0,3076.0,7812.0
Anthony Tolliver,Detroit Pistons,of,9633.0,16486.0,10672.0,14994.0,5301.0,6677.0,1784.0,3509.0,7866.0,5312.0,7144.0,2168.0,4011.0,8311.0
Aron Baynes,Detroit Pistons,def,10493.0,11955.0,14973.0,18025.0,3294.0,767.0,291.0,12.0,7625.0,3424.0,636.0,163.0,17.0,6905.0
Aron Baynes,Detroit Pistons,of,10105.0,12666.0,15082.0,17582.0,3522.0,714.0,306.0,6.0,8015.0,3023.0,694.0,181.0,28.0,5857.0
Arron Afflalo,New York Knicks,def,6217.0,20297.0,6109.0,10316.0,9979.0,21337.0,8488.0,4442.0,14847.0,8830.0,19184.0,7442.0,3808.0,15567.0
Arron Afflalo,New York Knicks,of,5698.0,20655.0,5069.0,9010.0,9251.0,21214.0,9297.0,4329.0,14463.0,8525.0,17866.0,6429.0,3655.0,15526.0
Austin Rivers,Los Angeles Clippers,def,5052.0,20706.0,4583.0,6628.0,6618.0,15572.0,3842.0,3517.0,7257.0,6301.0,16442.0,4813.0,6171.0,6403.0
Austin Rivers,Los Angeles Clippers,of,5839.0,21021.0,4359.0,7640.0,6769.0,15330.0,3900.0,3027.0,7915.0,6052.0,16412.0,4173.0,5154.0,7628.0
Avery Bradley,Boston Celtics,def,6857.0,21764.0,4491.0,8499.0,9607.0,28072.0,8084.0,10677.0,9988.0,7797.0,18819.0,6756.0,7378.0,8880.0
Avery Bradley,Boston Celtics,of,7636.0,25663.0,4364.0,8421.0,10597.0,27438.0,8941.0,11128.0,10338.0,9916.0,21312.0,7341.0,6941.0,10540.0
Ben McLemore,Sacramento Kings,def,5258.0,14046.0,5676.0,10741.0,6342.0,14219.0,5174.0,4908.0,9013.0,6981.0,14586.0,4838.0,5102.0,9600.0
Ben McLemore,Sacramento Kings,of,5497.0,14145.0,5947.0,10686.0,6492.0,13170.0,4779.0,4561.0,9171.0,6526.0,14112.0,4787.0,5669.0,9756.0
Bismack Biyombo,Toronto Raptors,def,13395.0,20967.0,18367.0,33130.0,4723.0,1738.0,742.0,8.0,10368.0,8255.0,2488.0,971.0,52.0,12748.0
Bismack Biyombo,Toronto Raptors,of,15068.0,23400.0,20098.0,34805.0,4540.0,1943.0,673.0,93.0,10677.0,9817.0,2518.0,808.0,28.0,13018.0
Blake Griffin,Los Angeles Clippers,def,17869.0,30140.0,13104.0,21636.0,10254.0,7232.0,2136.0,167.0,13003.0,8994.0,5330.0,1394.0,422.0,10344.0
Blake Griffin,Los Angeles Clippers,of,18946.0,29466.0,13088.0,20808.0,11169.0,6802.0,1652.0,147.0,11762.0,8001.0,4521.0,1248.0,263.0,10489.0
Boban Marjanovic,San Antonio Spurs,def,3536.0,4181.0,4832.0,7128.0,1415.0,429.0,122.0,0.0,3510.0,1241.0,281.0,179.0,8.0,3461.0
Boban Marjanovic,San Antonio Spurs,of,2221.0,2757.0,2699.0,3897.0,937.0,232.0,20.0,0.0,2551.0,749.0,266.0,81.0,4.0,1621.0
Bobby Portis,Chicago Bulls,def,3321.0,6478.0,3619.0,6846.0,2020.0,1480.0,895.0,262.0,4082.0,1618.0,1652.0,807.0,351.0,3388.0
Bobby Portis,Chicago Bulls,of,3546.0,6822.0,3842.0,6396.0,1807.0,1761.0,878.0,545.0,3848.0,2120.0,1628.0,545.0,309.0,3798.0
Bojan Bogdanovic,Brooklyn Nets,def,5637.0,14386.0,5969.0,10131.0,8042.0,21976.0,5919.0,9819.0,13678.0,8187.0,18754.0,5439.0,10294.0,13535.0
Bojan Bogdanovic,Brooklyn Nets,of,5895.0,15586.0,5038.0,9012.0,8089.0,20954.0,5579.0,7430.0,12175.0,7883.0,18241.0,5560.0,9372.0,13259.0
Bradley Beal,Washington Wizards,def,4263.0,12540.0,3491.0,6865.0,5162.0,16745.0,4049.0,2267.0,6951.0,5779.0,13124.0,3881.0,2547.0,6924.0
Bradley Beal,Washington Wizards,of,4001.0,13005.0,3383.0,6431.0,4630.0,16658.0,4094.0,2103.0,5547.0,4873.0,12502.0,3294.0,2058.0,6311.0
Brandan Wright,Memphis Grizzlies,def,1721.0,2528.0,2184.0,2962.0,802.0,160.0,46.0,1.0,1448.0,830.0,157.0,52.0,1.0,1665.0
Brandan Wright,Memphis Grizzlies,of,2529.0,3342.0,3134.0,4104.0,889.0,211.0,80.0,12.0,1230.0,795.0,210.0,86.0,6.0,1961.0
Brandon Knight,Phoenix Suns,def,7461.0,35855.0,7348.0,13366.0,10089.0,30444.0,7848.0,3574.0,14008.0,10238.0,27529.0,6669.0,4193.0,14893.0
Brandon Knight,Phoenix Suns,of,8015.0,36365.0,7344.0,10964.0,10272.0,31768.0,7221.0,5056.0,13544.0,9207.0,25999.0,5411.0,3591.0,12968.0
Brook Lopez,Brooklyn Nets,def,20061.0,31719.0,26208.0,36962.0,7641.0,2783.0,1754.0,212.0,20441.0,8747.0,2747.0,1568.0,311.0,18598.0
Brook Lopez,Brooklyn Nets,of,19881.0,30602.0,25847.0,36537.0,7126.0,2558.0,1396.0,72.0,19737.0,9588.0,2999.0,1405.0,124.0,18346.0
Bruno Caboclo,Toronto Raptors,of,15.0,31.0,23.0,43.0,17.0,76.0,14.0,20.0,46.0,27.0,79.0,81.0,113.0,28.0
CJ McCollum,Portland Trail Blazers,def,8585.0,40032.0,8424.0,12992.0,11840.0,29123.0,9023.0,3282.0,17452.0,11162.0,27920.0,7442.0,3640.0,15862.0
CJ McCollum,Portland Trail Blazers,of,9088.0,40637.0,9670.0,11870.0,11905.0,29828.0,8218.0,3663.0,17033.0,11982.0,27651.0,7806.0,3159.0,16225.0
CJ Miles,Indiana Pacers,def,8677.0,21876.0,9217.0,13641.0,6286.0,13783.0,2643.0,1936.0,9273.0,8026.0,16756.0,3340.0,4090.0,11833.0
CJ Miles,Indiana Pacers,of,8875.0,21989.0,8879.0,14290.0,7143.0,15015.0,3112.0,2915.0,10917.0,7836.0,16436.0,3926.0,4684.0,10508.0
CJ Wilcox,Los Angeles Clippers,of,42.0,392.0,54.0,121.0,116.0,233.0,54.0,101.0,137.0,191.0,253.0,69.0,242.0,103.0
Cameron Payne,Oklahoma City Thunder,def,2803.0,12158.0,2136.0,3406.0,2723.0,7018.0,1280.0,1336.0,2798.0,2232.0,4995.0,1271.0,674.0,3116.0
Cameron Payne,Oklahoma City Thunder,of,2201.0,9484.0,1881.0,2941.0,2244.0,5744.0,1077.0,992.0,2283.0,2097.0,4236.0,1375.0,956.0,2853.0
Carmelo Anthony,New York Knicks,def,8024.0,20552.0,9189.0,20739.0,11951.0,23685.0,5987.0,1515.0,20786.0,12783.0,22504.0,7266.0,1899.0,24778.0
Carmelo Anthony,New York Knicks,of,8204.0,21292.0,9446.0,20307.0,11971.0,23778.0,6269.0,1443.0,20911.0,13192.0,21528.0,7103.0,1537.0,26111.0
Chandler Parsons,Dallas Mavericks,def,5958.0,15235.0,6234.0,9702.0,6061.0,14418.0,3541.0,5432.0,9655.0,6066.0,11624.0,2959.0,4437.0,10732.0
Chandler Parsons,Dallas Mavericks,of,6342.0,17363.0,6931.0,11292.0,7493.0,16533.0,3550.0,5884.0,12389.0,7192.0,14397.0,3321.0,5277.0,12227.0
Channing Frye,Orlando Magic,def,9273.0,17956.0,8159.0,12114.0,3611.0,4238.0,1121.0,775.0,5592.0,4013.0,4838.0,1416.0,1048.0,5814.0
Channing Frye,Orlando Magic,of,9159.0,18580.0,8987.0,13859.0,4670.0,4103.0,1517.0,913.0,6616.0,3540.0,4914.0,1422.0,1021.0,5799.0
Chris Paul,Los Angeles Clippers,def,10903.0,43724.0,10585.0,10374.0,9623.0,19820.0,3600.0,1606.0,9580.0,9530.0,16867.0,2948.0,1279.0,10348.0
Chris Paul,Los Angeles Clippers,of,10684.0,42422.0,10205.0,9885.0,9423.0,17726.0,3705.0,1799.0,10153.0,9409.0,16277.0,3371.0,1317.0,10509.0
Clint Capela,Houston Rockets,def,13414.0,20291.0,16214.0,28881.0,3982.0,1643.0,865.0,124.0,12260.0,4185.0,1401.0,792.0,79.0,11128.0
Clint Capela,Houston Rockets,of,14472.0,23082.0,18257.0,33430.0,4855.0,1980.0,966.0,53.0,14164.0,4975.0,1831.0,1320.0,68.0,12862.0
Cody Zeller,Charlotte Hornets,def,15928.0,21686.0,17719.0,27559.0,5152.0,2667.0,1308.0,363.0,10722.0,6932.0,3073.0,818.0,209.0,13779.0
Cody Zeller,Charlotte Hornets,of,16254.0,21004.0,17320.0,27011.0,5259.0,2870.0,996.0,321.0,10701.0,7420.0,2854.0,857.0,164.0,14516.0
Cole Aldrich,Los Angeles Clippers,def,3768.0,5557.0,4295.0,6030.0,1073.0,349.0,149.0,47.0,2225.0,1174.0,378.0,61.0,0.0,2123.0
Cole Aldrich,Los Angeles Clippers,of,4033.0,5630.0,5497.0,7058.0,1136.0,423.0,100.0,19.0,2530.0,1197.0,306.0,141.0,5.0,2216.0
Corey Brewer,Houston Rockets,def,5453.0,11889.0,5590.0,9526.0,6603.0,15522.0,5290.0,10130.0,9069.0,6736.0,13332.0,4567.0,6754.0,10528.0
Corey Brewer,Houston Rockets,of,4659.0,10816.0,4256.0,8593.0,6252.0,14819.0,4768.0,8213.0,8266.0,5363.0,12742.0,4551.0,7058.0,8983.0
Cory Joseph,Toronto Raptors,def,7002.0,34634.0,6954.0,10536.0,8186.0,18055.0,4772.0,2830.0,9225.0,7381.0,17740.0,5631.0,3962.0,9522.0
Cory Joseph,Toronto Raptors,of,6848.0,35146.0,6773.0,11618.0,8338.0,20114.0,5265.0,2798.0,10099.0,8078.0,17944.0,5559.0,3341.0,8819.0
Courtney Lee,Memphis Grizzlies,def,8144.0,18626.0,5208.0,7860.0,10187.0,24736.0,7202.0,6733.0,11184.0,10540.0,24110.0,6730.0,7790.0,13224.0
Courtney Lee,Memphis Grizzlies,of,7602.0,18801.0,5526.0,7789.0,11110.0,23798.0,7692.0,7821.0,12028.0,9847.0,23886.0,7483.0,9331.0,13120.0
Cristiano Felicio,Chicago Bulls,def,124.0,127.0,147.0,144.0,7.0,20.0,0.0,0.0,48.0,17.0,0.0,0.0,0.0,13.0
Cristiano Felicio,Chicago Bulls,of,73.0,289.0,86.0,148.0,13.0,44.0,26.0,0.0,17.0,113.0,45.0,0.0,0.0,42.0
D'Angelo Russell,Los Angeles Lakers,def,7883.0,33208.0,8281.0,14203.0,8076.0,25579.0,4228.0,2776.0,10439.0,7886.0,19796.0,3823.0,1889.0,9996.0
D'Angelo Russell,Los Angeles Lakers,of,7085.0,32894.0,7553.0,13620.0,8281.0,23905.0,4528.0,2219.0,10301.0,8291.0,19887.0,3537.0,2160.0,9787.0
D.J. Augustin,Oklahoma City Thunder,def,4280.0,16201.0,3810.0,3271.0,4370.0,9333.0,1822.0,1854.0,4795.0,3311.0,7865.0,1359.0,2795.0,3832.0
D.J. Augustin,Oklahoma City Thunder,of,3560.0,15401.0,3368.0,3423.0,3711.0,8960.0,1825.0,1267.0,4758.0,3314.0,7092.0,1557.0,1995.0,4497.0
Damian Lillard,Portland Trail Blazers,def,10803.0,50446.0,11560.0,13090.0,10363.0,24968.0,4680.0,2342.0,13023.0,9776.0,20871.0,4024.0,1439.0,14301.0
Damian Lillard,Portland Trail Blazers,of,9943.0,49192.0,10827.0,12974.0,9968.0,24991.0,4742.0,1940.0,13054.0,9294.0,20131.0,3542.0,1382.0,13463.0
Danilo Gallinari,Denver Nuggets,def,10225.0,26908.0,10691.0,18850.0,11164.0,18830.0,5566.0,3512.0,18499.0,10746.0,16789.0,5451.0,4911.0,17926.0
Danilo Gallinari,Denver Nuggets,of,10812.0,27290.0,10941.0,17591.0,10901.0,19538.0,5865.0,3531.0,16504.0,10862.0,17216.0,5989.0,4440.0,17913.0
Danny Green,San Antonio Spurs,def,4739.0,17103.0,4546.0,12527.0,6478.0,22014.0,5762.0,4821.0,9221.0,6202.0,17278.0,5256.0,4763.0,9446.0
Danny Green,San Antonio Spurs,of,4559.0,17600.0,5158.0,13740.0,7638.0,24041.0,5679.0,5683.0,9809.0,7347.0,21187.0,5853.0,6310.0,12225.0
Dante Cunningham,New Orleans Pelicans,def,5761.0,10143.0,6564.0,11135.0,5678.0,11124.0,4467.0,5555.0,9963.0,5995.0,10557.0,4297.0,7615.0,10926.0
Dante Cunningham,New Orleans Pelicans,of,5102.0,9193.0,6869.0,9441.0,5127.0,10189.0,3745.0,5724.0,8540.0,5217.0,9566.0,4001.0,5755.0,8739.0
Darrell Arthur,Denver Nuggets,def,12526.0,21320.0,12877.0,20960.0,7303.0,5399.0,2585.0,638.0,12067.0,7096.0,4576.0,2352.0,1132.0,13513.0
Darrell Arthur,Denver Nuggets,of,11020.0,18432.0,12484.0,19459.0,6856.0,5009.0,2355.0,829.0,11029.0,6519.0,4084.0,2482.0,1033.0,11016.0
Darren Collison,Sacramento Kings,def,8642.0,32308.0,7362.0,8173.0,8373.0,18144.0,4661.0,3259.0,8470.0,9277.0,16804.0,5339.0,2796.0,8619.0
Darren Collison,Sacramento Kings,of,8268.0,31747.0,6947.0,8345.0,9692.0,19861.0,5079.0,3571.0,9137.0,8930.0,16551.0,5118.0,2716.0,8817.0
Darrun Hilliard,Detroit Pistons,def,384.0,1418.0,327.0,566.0,784.0,1488.0,583.0,601.0,599.0,591.0,1275.0,572.0,367.0,744.0
Darrun Hilliard,Detroit Pistons,of,733.0,1226.0,433.0,674.0,870.0,1751.0,570.0,1085.0,766.0,639.0,1310.0,607.0,411.0,1194.0
David West,San Antonio Spurs,def,11119.0,16394.0,12089.0,17126.0,3983.0,1434.0,989.0,171.0,10213.0,4147.0,1448.0,1050.0,91.0,9038.0
David West,San Antonio Spurs,of,11203.0,15224.0,14184.0,18726.0,3889.0,1523.0,849.0,131.0,11203.0,3884.0,1500.0,679.0,336.0,7678.0
DeAndre Jordan,Los Angeles Clippers,def,18523.0,33010.0,24468.0,47492.0,6839.0,3928.0,1038.0,75.0,13013.0,8448.0,4048.0,1730.0,134.0,17439.0
DeAndre Jordan,Los Angeles Clippers,of,18027.0,32919.0,25153.0,47173.0,6686.0,4331.0,1519.0,75.0,13785.0,8188.0,3874.0,1351.0,31.0,15652.0
DeMar DeRozan,Toronto Raptors,def,10222.0,26566.0,9678.0,15376.0,12174.0,29243.0,7642.0,7590.0,20686.0,13007.0,23531.0,6141.0,4475.0,21841.0
DeMar DeRozan,Toronto Raptors,of,9801.0,25962.0,8970.0,16806.0,12238.0,28820.0,7921.0,7186.0,21758.0,12937.0,23466.0,5793.0,4404.0,21335.0
DeMarcus Cousins,Sacramento Kings,def,15466.0,26985.0,22216.0,33395.0,7661.0,8498.0,2215.0,237.0,13570.0,5520.0,6011.0,932.0,223.0,9720.0
DeMarcus Cousins,Sacramento Kings,of,15823.0,28281.0,22608.0,34245.0,7478.0,9053.0,2067.0,216.0,13426.0,5647.0,5460.0,765.0,148.0,11138.0
DeMarre Carroll,Toronto Raptors,def,5260.0,11546.0,4462.0,9313.0,5120.0,13826.0,2703.0,2629.0,5757.0,6084.0,14032.0,3689.0,3552.0,8103.0
DeMarre Carroll,Toronto Raptors,of,4997.0,11763.0,5371.0,9751.0,5889.0,14682.0,2963.0,2216.0,7903.0,6465.0,15995.0,4451.0,4009.0,9106.0
Delon Wright,Toronto Raptors,def,143.0,510.0,142.0,57.0,161.0,494.0,112.0,63.0,182.0,116.0,246.0,77.0,123.0,124.0
Delon Wright,Toronto Raptors,of,296.0,812.0,247.0,447.0,233.0,764.0,69.0,203.0,457.0,200.0,812.0,139.0,133.0,247.0
Dennis Schroder,Atlanta Hawks,def,7004.0,27064.0,6463.0,8153.0,7267.0,16570.0,2699.0,856.0,8693.0,6757.0,14459.0,2983.0,818.0,7897.0
Dennis Schroder,Atlanta Hawks,of,6878.0,29837.0,6760.0,8524.0,7562.0,18409.0,3354.0,968.0,9193.0,6886.0,15921.0,2853.0,632.0,7889.0
Derrick Favors,Utah Jazz,def,16627.0,19146.0,13580.0,22405.0,5872.0,2329.0,1149.0,103.0,11889.0,5558.0,1641.0,668.0,152.0,10806.0
Derrick Favors,Utah Jazz,of,17755.0,22181.0,15925.0,24142.0,6224.0,2319.0,1371.0,171.0,14524.0,6083.0,1910.0,1052.0,84.0,11237.0
Derrick Rose,Chicago Bulls,def,7304.0,34114.0,6119.0,7801.0,9563.0,20256.0,4630.0,1680.0,9578.0,8294.0,16026.0,4492.0,1775.0,8698.0
Derrick Rose,Chicago Bulls,of,7828.0,35823.0,6637.0,8465.0,8173.0,22169.0,4681.0,1678.0,9621.0,7877.0,17458.0,3798.0,1602.0,7927.0
Devin Booker,Phoenix Suns,def,3821.0,11050.0,3896.0,6567.0,4853.0,13763.0,4408.0,4388.0,7239.0,4790.0,11809.0,3660.0,3360.0,7852.0
Devin Booker,Phoenix Suns,of,4127.0,11508.0,4116.0,6844.0,5233.0,13589.0,4789.0,4032.0,8079.0,5359.0,11712.0,3601.0,3473.0,8403.0
Devin Harris,Dallas Mavericks,def,4221.0,12174.0,3981.0,6996.0,5264.0,13961.0,3176.0,5324.0,8321.0,5268.0,12773.0,3082.0,5296.0,8847.0
Devin Harris,Dallas Mavericks,of,3935.0,12221.0,3863.0,5605.0,5490.0,14093.0,2949.0,5945.0,8014.0,5641.0,12325.0,2794.0,4614.0,8772.0
Dewayne Dedmon,Orlando Magic,def,4709.0,5771.0,5589.0,8296.0,1545.0,426.0,226.0,6.0,4274.0,1949.0,473.0,139.0,21.0,3648.0
Dewayne Dedmon,Orlando Magic,of,5465.0,6648.0,6840.0,9294.0,2139.0,685.0,367.0,37.0,4417.0,1924.0,380.0,252.0,14.0,3795.0
Dion Waiters,Oklahoma City Thunder,def,7033.0,22324.0,6799.0,11061.0,9654.0,22861.0,5491.0,8331.0,15401.0,10206.0,18490.0,6864.0,8138.0,16592.0
Dion Waiters,Oklahoma City Thunder,of,6151.0,20264.0,5561.0,10522.0,9131.0,20459.0,5314.0,8326.0,13751.0,8680.0,17619.0,5817.0,7173.0,13667.0
Dirk Nowitzki,Dallas Mavericks,def,16077.0,36202.0,16749.0,23920.0,8694.0,7615.0,2923.0,1560.0,12277.0,7639.0,5153.0,2597.0,520.0,12358.0
Dirk Nowitzki,Dallas Mavericks,of,16365.0,36128.0,16827.0,23779.0,8438.0,8724.0,3012.0,1274.0,11844.0,8240.0,5192.0,2177.0,419.0,12605.0
Doug McDermott,Chicago Bulls,def,3933.0,10081.0,3493.0,7620.0,4947.0,13606.0,4319.0,9793.0,9549.0,5760.0,12061.0,4067.0,8558.0,9598.0
Doug McDermott,Chicago Bulls,of,4064.0,10675.0,3205.0,7157.0,4684.0,14130.0,4296.0,8217.0,8143.0,5414.0,12951.0,4600.0,6985.0,10898.0
Draymond Green,Golden State Warriors,def,18635.0,44824.0,17562.0,34152.0,9593.0,11109.0,2552.0,874.0,17052.0,9153.0,8382.0,2259.0,603.0,15764.0
Draymond Green,Golden State Warriors,of,18702.0,45007.0,17540.0,34171.0,9243.0,11443.0,2144.0,1098.0,14900.0,9749.0,9820.0,2954.0,1071.0,17083.0
Dwight Howard,Houston Rockets,def,16325.0,26492.0,22320.0,39765.0,5546.0,1443.0,1127.0,138.0,15196.0,5016.0,1489.0,923.0,70.0,13981.0
Dwight Howard,Houston Rockets,of,16164.0,26456.0,20312.0,37966.0,5391.0,1577.0,1167.0,38.0,14759.0,4949.0,1394.0,1131.0,128.0,13643.0
Dwight Powell,Dallas Mavericks,def,11201.0,15559.0,11133.0,17607.0,5183.0,2761.0,2802.0,288.0,10863.0,5889.0,2402.0,1349.0,161.0,8279.0
Dwight Powell,Dallas Mavericks,of,12137.0,16556.0,11822.0,18348.0,4761.0,2676.0,2353.0,478.0,11291.0,5528.0,2479.0,1297.0,171.0,9230.0
Dwyane Wade,Miami Heat,def,7646.0,18262.0,6469.0,14557.0,8885.0,20355.0,5816.0,4532.0,14006.0,9593.0,16247.0,5467.0,3775.0,17003.0
Dwyane Wade,Miami Heat,of,8239.0,20850.0,7134.0,14521.0,10336.0,23692.0,6254.0,5482.0,14751.0,10499.0,17230.0,5758.0,3419.0,17447.0
E'Twaun Moore,Chicago Bulls,def,1979.0,6730.0,1440.0,2795.0,3019.0,8046.0,2204.0,2708.0,3116.0,2927.0,6632.0,2025.0,3358.0,3263.0
E'Twaun Moore,Chicago Bulls,of,2818.0,8396.0,2189.0,3370.0,3836.0,8653.0,2510.0,2912.0,4431.0,3543.0,7417.0,2496.0,3236.0,3408.0
Ed Davis,Portland Trail Blazers,def,12480.0,23350.0,22504.0,35113.0,6900.0,2707.0,689.0,15.0,12116.0,5771.0,1930.0,470.0,34.0,11815.0
Ed Davis,Portland Trail Blazers,of,11366.0,21844.0,20331.0,32805.0,6334.0,2555.0,567.0,47.0,11279.0,5645.0,1683.0,665.0,39.0,12274.0
Elfrid Payton,Orlando Magic,def,7752.0,29674.0,8924.0,11746.0,7471.0,19138.0,3857.0,2675.0,8748.0,7098.0,17624.0,3425.0,2123.0,9610.0
Elfrid Payton,Orlando Magic,of,8036.0,31759.0,8932.0,12182.0,8325.0,20462.0,3604.0,2515.0,9013.0,8004.0,18837.0,3805.0,2440.0,10262.0
Emmanuel Mudiay,Denver Nuggets,def,6801.0,23863.0,6114.0,8307.0,6890.0,14781.0,3619.0,1937.0,8376.0,6237.0,14622.0,3744.0,1932.0,7059.0
Emmanuel Mudiay,Denver Nuggets,of,6417.0,23361.0,6276.0,8791.0,6860.0,16211.0,4322.0,1869.0,9640.0,7844.0,15223.0,4576.0,2793.0,8171.0
Enes Kanter,Oklahoma City Thunder,def,15194.0,21945.0,19808.0,37133.0,3709.0,2266.0,1096.0,176.0,14806.0,4528.0,2619.0,588.0,289.0,10011.0
Enes Kanter,Oklahoma City Thunder,of,12565.0,19045.0,16178.0,32268.0,2905.0,1949.0,918.0,147.0,13482.0,3819.0,2134.0,682.0,258.0,9590.0
Eric Bledsoe,Phoenix Suns,def,7621.0,23668.0,7622.0,9591.0,7887.0,18321.0,2859.0,1479.0,8007.0,7367.0,16521.0,2849.0,1861.0,7953.0
Eric Bledsoe,Phoenix Suns,of,8210.0,28703.0,8618.0,11027.0,8125.0,19272.0,3523.0,1906.0,9803.0,8171.0,19841.0,3164.0,2204.0,8568.0
Eric Gordon,New Orleans Pelicans,def,8315.0,25548.0,6185.0,9623.0,10889.0,27233.0,6003.0,7134.0,13239.0,10683.0,25649.0,5540.0,7082.0,14803.0
Eric Gordon,New Orleans Pelicans,of,8608.0,25084.0,6471.0,11167.0,10955.0,26340.0,6042.0,7224.0,15281.0,10645.0,24842.0,5967.0,8787.0,13356.0
Eric Moreland,Sacramento Kings,def,516.0,835.0,705.0,1225.0,234.0,108.0,58.0,22.0,461.0,131.0,44.0,28.0,0.0,429.0
Eric Moreland,Sacramento Kings,of,73.0,136.0,102.0,111.0,32.0,12.0,4.0,0.0,42.0,86.0,12.0,0.0,0.0,32.0
Ersan Ilyasova,Detroit Pistons,def,13540.0,25359.0,13217.0,25031.0,8523.0,14103.0,3270.0,2031.0,11013.0,8489.0,9830.0,2858.0,1424.0,11960.0
Ersan Ilyasova,Detroit Pistons,of,14401.0,25924.0,14692.0,28149.0,8097.0,14712.0,3218.0,2353.0,12083.0,7566.0,10318.0,3853.0,1670.0,12481.0
Evan Fournier,Orlando Magic,def,7696.0,20808.0,7107.0,12345.0,10835.0,24248.0,6535.0,5036.0,15023.0,8650.0,24938.0,6188.0,5651.0,14439.0
Evan Fournier,Orlando Magic,of,7612.0,20320.0,6958.0,11696.0,9746.0,23718.0,6480.0,4547.0,14983.0,9593.0,24790.0,6821.0,6190.0,13373.0
Evan Turner,Boston Celtics,def,7642.0,24649.0,7639.0,12563.0,9124.0,18100.0,6312.0,5167.0,12515.0,9017.0,17861.0,5426.0,5927.0,12383.0
Evan Turner,Boston Celtics,of,8712.0,24521.0,8106.0,14537.0,9911.0,17330.0,6238.0,3612.0,13449.0,9304.0,18198.0,5954.0,5584.0,12919.0
Frank Kaminsky,Charlotte Hornets,def,10664.0,22337.0,10988.0,18840.0,6692.0,7367.0,1958.0,913.0,12112.0,5069.0,5984.0,1947.0,1021.0,10873.0
Frank Kaminsky,Charlotte Hornets,of,12611.0,24574.0,12222.0,20608.0,7330.0,8209.0,2359.0,1129.0,13562.0,6088.0,7169.0,2314.0,1219.0,11360.0
Garrett Temple,Washington Wizards,def,5525.0,14182.0,4725.0,8018.0,6996.0,17416.0,6355.0,5524.0,8642.0,7196.0,16254.0,5333.0,6352.0,7687.0
Garrett Temple,Washington Wizards,of,4986.0,14768.0,4667.0,8916.0,6770.0,17521.0,6657.0,6829.0,8936.0,6104.0,14736.0,5497.0,6528.0,8591.0
Gary Harris,Denver Nuggets,def,6410.0,17365.0,5727.0,9685.0,8948.0,23067.0,6958.0,12733.0,10957.0,9529.0,16428.0,6179.0,11036.0,12486.0
Gary Harris,Denver Nuggets,of,7036.0,18288.0,5804.0,9460.0,9256.0,20350.0,6301.0,13021.0,10937.0,9108.0,16958.0,6283.0,11460.0,10225.0
George Hill,Indiana Pacers,def,9420.0,35607.0,7237.0,11419.0,11753.0,22479.0,6342.0,4812.0,10261.0,10443.0,21087.0,5114.0,3945.0,9954.0
George Hill,Indiana Pacers,of,9260.0,34779.0,6802.0,10234.0,11324.0,23632.0,6081.0,5728.0,10776.0,10172.0,20193.0,5299.0,3698.0,9736.0
Gerald Green,Miami Heat,def,5436.0,13565.0,4994.0,9209.0,6589.0,19018.0,4925.0,7130.0,10777.0,7161.0,16423.0,5429.0,9318.0,11312.0
Gerald Green,Miami Heat,of,5998.0,12938.0,5315.0,9045.0,7547.0,18849.0,5514.0,7279.0,11204.0,7497.0,18477.0,5097.0,9556.0,11457.0
Giannis Antetokounmpo,Milwaukee Bucks,def,12154.0,27507.0,13118.0,26252.0,9995.0,14107.0,4507.0,4490.0,16422.0,10919.0,14728.0,5080.0,5653.0,17430.0
Giannis Antetokounmpo,Milwaukee Bucks,of,12262.0,26617.0,12138.0,24798.0,10826.0,13387.0,4836.0,4269.0,14806.0,10873.0,14759.0,4901.0,5718.0,17977.0
Glenn Robinson III,Indiana Pacers,def,1984.0,5502.0,2073.0,3923.0,2654.0,5958.0,3104.0,3189.0,3750.0,2479.0,5524.0,2431.0,3016.0,3978.0
Glenn Robinson III,Indiana Pacers,of,1513.0,4647.0,1801.0,3456.0,2138.0,4843.0,2109.0,2146.0,3245.0,2578.0,4926.0,2479.0,2448.0,4050.0
Goran Dragic,Miami Heat,def,10067.0,38080.0,7647.0,10026.0,9609.0,17092.0,4428.0,3381.0,11426.0,8877.0,16513.0,3820.0,2218.0,9424.0
Goran Dragic,Miami Heat,of,10280.0,41911.0,7829.0,10677.0,10315.0,18291.0,5199.0,4510.0,12240.0,9954.0,18015.0,3781.0,2554.0,10629.0
Gordon Hayward,Utah Jazz,def,9669.0,24891.0,8520.0,15061.0,12530.0,28519.0,9234.0,9219.0,17422.0,11717.0,27591.0,8159.0,7386.0,19217.0
Gordon Hayward,Utah Jazz,of,9576.0,26777.0,9066.0,14259.0,11654.0,29011.0,9213.0,7771.0,15535.0,12501.0,26357.0,8539.0,7311.0,19042.0
Gorgui Dieng,Minnesota Timberwolves,def,15126.0,22657.0,18099.0,28592.0,7414.0,3997.0,2243.0,226.0,13992.0,8129.0,3170.0,2144.0,372.0,13292.0
Gorgui Dieng,Minnesota Timberwolves,of,17673.0,26401.0,19529.0,30720.0,8483.0,3353.0,2379.0,287.0,14858.0,8378.0,3610.0,2301.0,440.0,13210.0
Greg Monroe,Milwaukee Bucks,def,17320.0,27654.0,21272.0,35894.0,8585.0,2469.0,1168.0,73.0,13729.0,10817.0,2153.0,1290.0,38.0,18191.0
Greg Monroe,Milwaukee Bucks,of,16947.0,25914.0,20557.0,35061.0,7792.0,2818.0,959.0,42.0,14120.0,10629.0,2167.0,1255.0,12.0,19207.0
Harrison Barnes,Golden State Warriors,def,7192.0,14078.0,6278.0,12242.0,6794.0,8458.0,4553.0,1574.0,10454.0,7084.0,7062.0,4433.0,1531.0,12157.0
Harrison Barnes,Golden State Warriors,of,5468.0,12358.0,5534.0,11187.0,5852.0,9290.0,5238.0,2006.0,9406.0,7435.0,7754.0,5109.0,1744.0,11058.0
Hassan Whiteside,Miami Heat,def,16686.0,24013.0,25943.0,42852.0,4380.0,1449.0,689.0,75.0,13842.0,4606.0,1160.0,442.0,59.0,16896.0
Hassan Whiteside,Miami Heat,of,18057.0,25334.0,28001.0,44212.0,4701.0,1520.0,624.0,79.0,14814.0,4234.0,1228.0,519.0,95.0,15803.0
Ian Clark,Golden State Warriors,def,2233.0,8724.0,1812.0,2989.0,3017.0,7556.0,2179.0,1363.0,3043.0,2829.0,7010.0,2049.0,969.0,2875.0
Ian Clark,Golden State Warriors,of,2510.0,8917.0,1988.0,3659.0,2986.0,8440.0,1794.0,833.0,3596.0,2621.0,6689.0,1796.0,953.0,3458.0
Ian Mahinmi,Indiana Pacers,def,16791.0,24978.0,20317.0,25314.0,6739.0,1830.0,1338.0,97.0,11970.0,5441.0,1384.0,761.0,35.0,10081.0
Ian Mahinmi,Indiana Pacers,of,14605.0,21565.0,18225.0,23609.0,5829.0,1551.0,866.0,42.0,9522.0,5673.0,1627.0,911.0,31.0,10686.0
Iman Shumpert,Cleveland Cavaliers,def,1916.0,5557.0,1698.0,2705.0,2674.0,5894.0,1708.0,2697.0,3646.0,2628.0,7063.0,1921.0,3670.0,3631.0
Iman Shumpert,Cleveland Cavaliers,of,2213.0,6708.0,2407.0,3783.0,4066.0,8212.0,2740.0,3312.0,4829.0,3068.0,7818.0,2544.0,3779.0,4155.0
Isaiah Canaan,Philadelphia 76ers,def,4951.0,25038.0,5148.0,8598.0,6685.0,23169.0,4124.0,4492.0,10627.0,6815.0,20600.0,3976.0,4618.0,11440.0
Isaiah Canaan,Philadelphia 76ers,of,5178.0,28579.0,5512.0,10024.0,7738.0,26883.0,4191.0,4754.0,10575.0,7092.0,21718.0,4009.0,4804.0,10671.0
Isaiah Thomas,Boston Celtics,def,11595.0,46515.0,10001.0,10394.0,13401.0,22676.0,4381.0,1830.0,13327.0,11243.0,22645.0,4543.0,2917.0,12084.0
Isaiah Thomas,Boston Celtics,of,11401.0,45332.0,10508.0,10975.0,12998.0,22661.0,4408.0,1568.0,13971.0,11406.0,22817.0,4235.0,2411.0,12206.0
Ish Smith,New Orleans Pelicans,def,3995.0,15737.0,4191.0,6563.0,3947.0,11047.0,2102.0,1081.0,5494.0,4039.0,9379.0,2338.0,1013.0,6344.0
Ish Smith,New Orleans Pelicans,of,3744.0,16042.0,4639.0,7679.0,4189.0,12537.0,2557.0,1461.0,5746.0,4675.0,11338.0,2770.0,1577.0,6749.0
Ish Smith,Philadelphia 76ers,def,2456.0,11608.0,3002.0,3950.0,2845.0,7524.0,1506.0,435.0,3959.0,2623.0,6835.0,1219.0,671.0,3045.0
Ish Smith,Philadelphia 76ers,of,2456.0,11063.0,2507.0,3538.0,2140.0,6073.0,1030.0,426.0,2704.0,2209.0,5355.0,968.0,663.0,2725.0
J.J. Barea,Dallas Mavericks,def,5719.0,23555.0,5384.0,6097.0,5473.0,13086.0,2463.0,2300.0,7080.0,5386.0,12130.0,2377.0,2281.0,7215.0
J.J. Barea,Dallas Mavericks,of,5394.0,25424.0,5212.0,6382.0,6592.0,15301.0,2637.0,2528.0,8125.0,5326.0,13992.0,2896.0,2284.0,7568.0
JJ Redick,Los Angeles Clippers,def,6086.0,14646.0,4583.0,7325.0,8260.0,23402.0,9362.0,7479.0,10435.0,7641.0,19283.0,7355.0,6738.0,10061.0
JJ Redick,Los Angeles Clippers,of,5370.0,12467.0,4301.0,7370.0,7325.0,21451.0,8621.0,7380.0,10039.0,6199.0,16962.0,6648.0,5641.0,10675.0
JR Smith,Cleveland Cavaliers,def,4448.0,14787.0,3868.0,6152.0,7647.0,20015.0,6566.0,4441.0,8456.0,6189.0,19520.0,5737.0,5743.0,7848.0
JR Smith,Cleveland Cavaliers,of,4739.0,14681.0,4037.0,6225.0,7233.0,20725.0,5929.0,3753.0,8261.0,7130.0,19327.0,6238.0,5681.0,8546.0
JaKarr Sampson,Philadelphia 76ers,def,3569.0,9528.0,4150.0,7867.0,4322.0,11157.0,3685.0,3211.0,6652.0,4092.0,10024.0,2543.0,4265.0,6624.0
JaKarr Sampson,Philadelphia 76ers,of,3905.0,10578.0,4706.0,9896.0,5056.0,11272.0,3943.0,4010.0,6950.0,4563.0,10981.0,3198.0,4818.0,7140.0
JaMychal Green,Memphis Grizzlies,def,10485.0,16733.0,9469.0,17129.0,5774.0,2376.0,1474.0,805.0,11440.0,5233.0,1967.0,1243.0,558.0,8096.0
JaMychal Green,Memphis Grizzlies,of,10266.0,16448.0,8769.0,15765.0,5488.0,2416.0,1159.0,606.0,9380.0,4730.0,1985.0,960.0,561.0,8004.0
JaVale McGee,Dallas Mavericks,def,4354.0,5291.0,6338.0,9446.0,1087.0,544.0,175.0,0.0,3788.0,1799.0,433.0,96.0,0.0,4357.0
JaVale McGee,Dallas Mavericks,of,3282.0,5741.0,5747.0,10822.0,1014.0,515.0,143.0,24.0,4298.0,2058.0,421.0,168.0,23.0,4358.0
Jabari Parker,Milwaukee Bucks,def,10147.0,20500.0,10970.0,19178.0,7833.0,10782.0,4963.0,1643.0,12434.0,7563.0,11006.0,5409.0,1431.0,13473.0
Jabari Parker,Milwaukee Bucks,of,9382.0,18712.0,10255.0,19345.0,7669.0,10536.0,4724.0,1600.0,12342.0,6694.0,9782.0,4492.0,1411.0,12658.0
Jae Crowder,Boston Celtics,def,7665.0,24935.0,7872.0,15284.0,10373.0,23706.0,6217.0,6665.0,15973.0,10849.0,24583.0,6696.0,8855.0,17186.0
Jae Crowder,Boston Celtics,of,8885.0,27028.0,8482.0,16798.0,10148.0,23192.0,6214.0,6038.0,15853.0,11251.0,23809.0,6440.0,7964.0,17369.0
Jahlil Okafor,Philadelphia 76ers,def,17722.0,29123.0,24695.0,31832.0,5791.0,3191.0,2311.0,103.0,19843.0,6730.0,3080.0,1801.0,69.0,18926.0
Jahlil Okafor,Philadelphia 76ers,of,16368.0,27125.0,22738.0,29788.0,5776.0,3221.0,2301.0,44.0,17641.0,6926.0,2939.0,1945.0,96.0,16593.0
Jamal Crawford,Los Angeles Clippers,def,5928.0,19765.0,3902.0,6971.0,9048.0,20009.0,6305.0,5368.0,13216.0,8195.0,20168.0,4794.0,5225.0,12359.0
Jamal Crawford,Los Angeles Clippers,of,5725.0,19814.0,4086.0,7487.0,7895.0,20830.0,5343.0,5669.0,11658.0,8276.0,19626.0,5267.0,4948.0,12680.0
Jameer Nelson,Denver Nuggets,def,7917.0,30663.0,7658.0,10222.0,8640.0,17556.0,4146.0,1876.0,11044.0,7388.0,16103.0,4036.0,2309.0,9963.0
Jameer Nelson,Denver Nuggets,of,7369.0,30512.0,6738.0,9583.0,8060.0,16779.0,4498.0,2078.0,11578.0,7569.0,18395.0,4015.0,2552.0,9077.0
James Ennis III,Memphis Grizzlies,def,428.0,830.0,414.0,479.0,486.0,561.0,414.0,155.0,701.0,203.0,460.0,230.0,359.0,544.0
James Ennis III,Memphis Grizzlies,of,66.0,149.0,98.0,292.0,94.0,115.0,88.0,84.0,127.0,230.0,177.0,134.0,222.0,288.0
James Ennis III,Miami Heat,def,63.0,134.0,58.0,100.0,43.0,223.0,61.0,156.0,37.0,126.0,105.0,23.0,77.0,78.0
James Ennis III,Miami Heat,of,71.0,57.0,48.0,30.0,10.0,4.0,4.0,6.0,49.0,21.0,20.0,14.0,0.0,15.0
James Harden,Houston Rockets,def,14201.0,47999.0,13407.0,21009.0,13412.0,21918.0,5095.0,952.0,19556.0,12336.0,22897.0,4775.0,2295.0,18485.0
James Harden,Houston Rockets,of,12236.0,46546.0,12168.0,20525.0,12206.0,23292.0,4362.0,902.0,17959.0,11989.0,23194.0,4884.0,2810.0,18597.0
James Johnson,Toronto Raptors,def,4136.0,8670.0,3901.0,6820.0,4350.0,6429.0,2376.0,1380.0,5890.0,4234.0,7575.0,3414.0,3941.0,5565.0
James Johnson,Toronto Raptors,of,4660.0,9486.0,4101.0,7230.0,4681.0,6445.0,2117.0,1848.0,5778.0,4770.0,7834.0,3184.0,3094.0,6670.0
James Michael McAdoo,Golden State Warriors,def,1662.0,2984.0,1719.0,2854.0,926.0,434.0,98.0,0.0,1537.0,855.0,282.0,155.0,47.0,1568.0
James Michael McAdoo,Golden State Warriors,of,2222.0,3956.0,2817.0,4490.0,1396.0,774.0,417.0,174.0,2252.0,1391.0,689.0,549.0,175.0,2058.0
James Young,Boston Celtics,def,637.0,1595.0,772.0,1168.0,1196.0,2193.0,1082.0,1291.0,1132.0,979.0,2810.0,872.0,1592.0,1493.0
James Young,Boston Celtics,of,705.0,2371.0,847.0,1246.0,1001.0,2383.0,990.0,974.0,1204.0,1060.0,3014.0,1255.0,1627.0,1754.0
Jared Dudley,Washington Wizards,def,13033.0,32886.0,12723.0,19793.0,8793.0,9852.0,2564.0,1075.0,10241.0,8898.0,13450.0,3755.0,3102.0,10308.0
Jared Dudley,Washington Wizards,of,13375.0,30295.0,12590.0,17916.0,8112.0,8023.0,2109.0,775.0,8811.0,7990.0,13722.0,3715.0,3270.0,8805.0
Jarell Eddie,Washington Wizards,def,221.0,818.0,218.0,694.0,180.0,1143.0,227.0,528.0,456.0,386.0,934.0,433.0,528.0,708.0
Jarell Eddie,Washington Wizards,of,381.0,1207.0,344.0,934.0,572.0,1871.0,669.0,447.0,775.0,603.0,1727.0,358.0,486.0,975.0
Jarell Martin,Memphis Grizzlies,def,133.0,259.0,157.0,396.0,126.0,128.0,31.0,2.0,276.0,45.0,45.0,14.0,21.0,164.0
Jarell Martin,Memphis Grizzlies,of,101.0,198.0,179.0,210.0,24.0,19.0,24.0,0.0,330.0,45.0,34.0,18.0,24.0,133.0
Jarrett Jack,Brooklyn Nets,def,7993.0,35578.0,8730.0,7972.0,7621.0,15054.0,3408.0,2791.0,9300.0,7682.0,13590.0,2391.0,2082.0,8060.0
Jarrett Jack,Brooklyn Nets,of,7923.0,34445.0,8586.0,8801.0,7907.0,14862.0,3358.0,2997.0,8644.0,7611.0,14424.0,2535.0,1658.0,9048.0
Jason Smith,Orlando Magic,def,8749.0,13223.0,9777.0,14053.0,3964.0,2364.0,1241.0,232.0,7411.0,4323.0,1808.0,940.0,216.0,6259.0
Jason Smith,Orlando Magic,of,7877.0,10625.0,8840.0,11054.0,3266.0,2049.0,1106.0,312.0,5631.0,2956.0,1312.0,978.0,159.0,5065.0
Jason Terry,Houston Rockets,def,4315.0,15505.0,3528.0,4928.0,5068.0,13546.0,3365.0,3998.0,7244.0,4532.0,11839.0,3585.0,3356.0,6056.0
Jason Terry,Houston Rockets,of,4364.0,13287.0,3888.0,4290.0,4556.0,12219.0,2876.0,3119.0,4960.0,4978.0,10510.0,2867.0,2913.0,5286.0
Jeff Green,Memphis Grizzlies,def,8488.0,22407.0,8796.0,15089.0,9501.0,18398.0,4579.0,2965.0,13485.0,9811.0,19611.0,4604.0,3948.0,14771.0
Jeff Green,Memphis Grizzlies,of,9749.0,23837.0,9919.0,17527.0,10096.0,21876.0,5445.0,4276.0,15247.0,10643.0,20040.0,5018.0,3831.0,15604.0
Jeff Teague,Atlanta Hawks,def,9515.0,36180.0,8086.0,9200.0,9582.0,24201.0,3740.0,1490.0,9709.0,10523.0,18684.0,2641.0,790.0,11373.0
Jeff Teague,Atlanta Hawks,of,10042.0,37135.0,9740.0,10133.0,9821.0,23743.0,3799.0,1266.0,10847.0,9437.0,18638.0,3088.0,1491.0,11455.0
Jeff Withey,Utah Jazz,def,8366.0,10163.0,10005.0,15821.0,3505.0,757.0,476.0,16.0,7763.0,2960.0,840.0,488.0,5.0,7637.0
Jeff Withey,Utah Jazz,of,9031.0,11090.0,10849.0,18732.0,3206.0,999.0,589.0,21.0,9605.0,3510.0,959.0,524.0,42.0,7695.0
Jerami Grant,Philadelphia 76ers,def,10819.0,22416.0,11692.0,21158.0,6806.0,9354.0,2789.0,2789.0,15387.0,6798.0,8739.0,3073.0,3608.0,14019.0
Jerami Grant,Philadelphia 76ers,of,11929.0,25286.0,13549.0,24232.0,7251.0,9856.0,3201.0,3209.0,16311.0,7425.0,9594.0,3267.0,3477.0,14585.0
Jeremy Lamb,Charlotte Hornets,def,4560.0,14243.0,5283.0,11130.0,6372.0,19469.0,3969.0,3197.0,11218.0,6450.0,15105.0,3455.0,4162.0,12031.0
Jeremy Lamb,Charlotte Hornets,of,4346.0,12247.0,4501.0,9587.0,6068.0,19637.0,3453.0,3802.0,10149.0,6358.0,15180.0,3074.0,4617.0,10985.0
Jeremy Lin,Charlotte Hornets,def,7225.0,30506.0,7847.0,10345.0,8287.0,19403.0,4362.0,3104.0,11808.0,7826.0,19629.0,4102.0,5524.0,10080.0
Jeremy Lin,Charlotte Hornets,of,6726.0,26697.0,7434.0,10479.0,9226.0,19571.0,4800.0,3331.0,11854.0,7377.0,20302.0,4626.0,7502.0,11338.0
Jerian Grant,New York Knicks,def,3952.0,18291.0,4450.0,7069.0,5770.0,12938.0,2846.0,1084.0,7077.0,5796.0,10771.0,2696.0,615.0,7011.0
Jerian Grant,New York Knicks,of,3726.0,15950.0,3660.0,7092.0,5275.0,12503.0,2347.0,728.0,6557.0,5598.0,10096.0,3057.0,718.0,8370.0
Jerryd Bayless,Milwaukee Bucks,def,4266.0,19387.0,5211.0,6466.0,5195.0,13010.0,3105.0,4227.0,8376.0,4852.0,12781.0,2680.0,3863.0,6948.0
Jerryd Bayless,Milwaukee Bucks,of,4578.0,18642.0,4569.0,6443.0,4985.0,12137.0,2703.0,3741.0,7262.0,4991.0,11422.0,2728.0,3817.0,7356.0
Jimmy Butler,Chicago Bulls,def,9430.0,26915.0,9095.0,16327.0,11258.0,25747.0,7461.0,2794.0,15316.0,12847.0,28048.0,7244.0,3949.0,18108.0
Jimmy Butler,Chicago Bulls,of,9304.0,25674.0,9203.0,16229.0,11490.0,25403.0,7167.0,2844.0,16235.0,12297.0,25901.0,7348.0,3706.0,17167.0
Joakim Noah,Chicago Bulls,def,8092.0,13020.0,11203.0,19024.0,3097.0,2426.0,502.0,27.0,5560.0,3678.0,2530.0,348.0,52.0,5881.0
Joakim Noah,Chicago Bulls,of,8180.0,13486.0,11553.0,21774.0,3003.0,2195.0,620.0,106.0,6155.0,3395.0,2392.0,428.0,3.0,5803.0
Jodie Meeks,Detroit Pistons,def,120.0,417.0,90.0,144.0,151.0,720.0,392.0,434.0,74.0,205.0,382.0,174.0,79.0,239.0
Jodie Meeks,Detroit Pistons,of,17.0,163.0,22.0,47.0,40.0,235.0,56.0,59.0,42.0,52.0,143.0,98.0,5.0,128.0
Joe Harris,Cleveland Cavaliers,def,73.0,306.0,61.0,114.0,146.0,292.0,84.0,227.0,204.0,124.0,235.0,177.0,426.0,183.0
Joe Harris,Cleveland Cavaliers,of,20.0,58.0,20.0,42.0,80.0,142.0,60.0,104.0,37.0,91.0,142.0,50.0,49.0,46.0
Joe Ingles,Utah Jazz,def,4085.0,11217.0,3651.0,4907.0,3935.0,9792.0,2449.0,4649.0,6200.0,4398.0,9240.0,2909.0,5662.0,6564.0
Joe Ingles,Utah Jazz,of,3831.0,10481.0,3702.0,6114.0,4161.0,9452.0,2628.0,5594.0,7870.0,4011.0,9423.0,2787.0,5143.0,6947.0
Joe Johnson,Brooklyn Nets,def,7607.0,18843.0,7993.0,12421.0,9480.0,28177.0,5652.0,7725.0,14064.0,11481.0,22716.0,7757.0,6070.0,18826.0
Joe Johnson,Brooklyn Nets,of,8526.0,20283.0,8577.0,14052.0,10409.0,28012.0,5968.0,6801.0,17426.0,12402.0,24010.0,6915.0,6444.0,18940.0
Joe Young,Indiana Pacers,def,992.0,3653.0,832.0,1050.0,1142.0,3374.0,919.0,425.0,1381.0,1058.0,2271.0,346.0,255.0,929.0
Joe Young,Indiana Pacers,of,991.0,4068.0,930.0,1137.0,980.0,2940.0,674.0,370.0,1023.0,1205.0,2625.0,485.0,346.0,1354.0
Joffrey Lauvergne,Denver Nuggets,def,6304.0,11412.0,9206.0,14067.0,3153.0,1615.0,804.0,369.0,5575.0,3213.0,1288.0,699.0,276.0,5331.0
Joffrey Lauvergne,Denver Nuggets,of,6068.0,10968.0,8302.0,12394.0,2793.0,2103.0,877.0,407.0,5396.0,2681.0,1430.0,823.0,301.0,4728.0
John Henson,Milwaukee Bucks,def,10618.0,15723.0,13531.0,20298.0,4702.0,2046.0,572.0,3.0,7340.0,6213.0,2095.0,893.0,86.0,8534.0
John Henson,Milwaukee Bucks,of,9084.0,12835.0,11866.0,15959.0,3755.0,1769.0,579.0,65.0,6162.0,5443.0,1477.0,644.0,13.0,7504.0
John Wall,Washington Wizards,def,10660.0,45066.0,9835.0,12833.0,11968.0,26784.0,5275.0,1943.0,12246.0,10565.0,24584.0,4332.0,2213.0,11376.0
John Wall,Washington Wizards,of,9979.0,45243.0,8616.0,11386.0,9945.0,23427.0,4117.0,1685.0,11611.0,9924.0,26328.0,4743.0,2255.0,11425.0
Johnny O'Bryant III,Milwaukee Bucks,def,6314.0,11196.0,7203.0,15202.0,4920.0,4143.0,2535.0,599.0,7599.0,4930.0,5289.0,3146.0,1244.0,6580.0
Johnny O'Bryant III,Milwaukee Bucks,of,5404.0,9197.0,6094.0,12168.0,4434.0,4028.0,2444.0,663.0,6404.0,4801.0,4545.0,2532.0,986.0,6080.0
Jon Leuer,Phoenix Suns,def,9749.0,19397.0,9973.0,18186.0,5153.0,4941.0,1764.0,853.0,9077.0,5827.0,5424.0,1605.0,1373.0,8541.0
Jon Leuer,Phoenix Suns,of,11197.0,21239.0,10396.0,18160.0,5506.0,4796.0,1399.0,442.0,8226.0,6939.0,5373.0,2156.0,1300.0,9658.0
Jonas Jerebko,Boston Celtics,def,6443.0,13923.0,6598.0,11225.0,4657.0,7490.0,3441.0,2621.0,7114.0,5155.0,6591.0,2479.0,2348.0,8094.0
Jonas Jerebko,Boston Celtics,of,4815.0,11104.0,5178.0,8971.0,4018.0,5314.0,1880.0,2123.0,5602.0,3733.0,3761.0,1184.0,937.0,5630.0
Jonas Valanciunas,Toronto Raptors,def,8601.0,14101.0,13622.0,25657.0,2033.0,864.0,663.0,31.0,7757.0,3641.0,915.0,350.0,2.0,5399.0
Jonas Valanciunas,Toronto Raptors,of,9216.0,15294.0,14260.0,27142.0,2660.0,1041.0,624.0,42.0,8459.0,3658.0,1089.0,309.0,33.0,5719.0
Jonathon Simmons,San Antonio Spurs,def,1722.0,6252.0,1735.0,3981.0,2623.0,7660.0,2067.0,2585.0,2998.0,2691.0,7185.0,2067.0,2400.0,3426.0
Jonathon Simmons,San Antonio Spurs,of,1707.0,5509.0,1504.0,3897.0,2469.0,6899.0,2171.0,1761.0,3129.0,2523.0,7251.0,2125.0,2491.0,3459.0
Jordan Clarkson,Los Angeles Lakers,def,9944.0,41696.0,9727.0,13824.0,10006.0,27902.0,6978.0,3737.0,11776.0,9927.0,23846.0,7331.0,3901.0,12411.0
Jordan Clarkson,Los Angeles Lakers,of,8620.0,36062.0,9080.0,13368.0,9147.0,26088.0,7321.0,4022.0,10429.0,9810.0,21729.0,6181.0,3999.0,12425.0
Jordan Mickey,Boston Celtics,def,146.0,191.0,137.0,261.0,13.0,76.0,4.0,0.0,59.0,71.0,13.0,14.0,0.0,110.0
Jordan Mickey,Boston Celtics,of,75.0,210.0,65.0,196.0,9.0,36.0,14.0,0.0,52.0,30.0,12.0,8.0,0.0,101.0
Jose Calderon,New York Knicks,def,9515.0,39378.0,8518.0,9424.0,9851.0,23757.0,4847.0,1663.0,11161.0,9170.0,18553.0,4185.0,1197.0,11637.0
Jose Calderon,New York Knicks,of,9073.0,39552.0,8176.0,9096.0,9751.0,22781.0,4697.0,1574.0,11783.0,9439.0,19865.0,4375.0,1735.0,11236.0
Josh McRoberts,Miami Heat,def,4005.0,7089.0,5019.0,6648.0,2298.0,2540.0,807.0,714.0,3844.0,2078.0,2706.0,594.0,220.0,3399.0
Josh McRoberts,Miami Heat,of,4355.0,7149.0,4054.0,5870.0,3062.0,3067.0,904.0,869.0,3962.0,2143.0,2494.0,676.0,399.0,2940.0
Josh Richardson,Miami Heat,def,1741.0,6020.0,1570.0,2645.0,2477.0,5595.0,1538.0,1751.0,2860.0,1936.0,4103.0,1384.0,1923.0,2422.0
Josh Richardson,Miami Heat,of,1500.0,4753.0,1096.0,1814.0,1625.0,3540.0,1125.0,1042.0,1953.0,1525.0,3111.0,1075.0,1093.0,1723.0
Josh Smith,Houston Rockets,def,201.0,579.0,310.0,639.0,106.0,136.0,6.0,0.0,71.0,294.0,288.0,24.0,0.0,342.0
Josh Smith,Houston Rockets,of,225.0,557.0,243.0,573.0,70.0,88.0,11.0,18.0,248.0,164.0,160.0,18.0,0.0,240.0
Josh Smith,Los Angeles Clippers,def,5260.0,11606.0,6392.0,11291.0,2083.0,2563.0,566.0,341.0,3675.0,3189.0,2814.0,754.0,723.0,4302.0
Josh Smith,Los Angeles Clippers,of,6379.0,12409.0,6788.0,12401.0,2340.0,2466.0,531.0,125.0,4097.0,3399.0,3119.0,732.0,580.0,5007.0
Jrue Holiday,New Orleans Pelicans,def,6590.0,23915.0,6293.0,8530.0,7064.0,16198.0,4374.0,1443.0,9698.0,7110.0,14271.0,4185.0,2028.0,8488.0
Jrue Holiday,New Orleans Pelicans,of,6175.0,22168.0,6324.0,8732.0,7226.0,16160.0,4319.0,1633.0,9220.0,6623.0,14614.0,3695.0,2000.0,8762.0
Julius Randle,Los Angeles Lakers,def,12108.0,22397.0,12804.0,26941.0,9584.0,12507.0,3771.0,423.0,13471.0,9777.0,11404.0,3202.0,496.0,13246.0
Julius Randle,Los Angeles Lakers,of,14043.0,25768.0,13805.0,29167.0,10114.0,13555.0,4244.0,485.0,14028.0,10465.0,11361.0,2552.0,288.0,14471.0
Justin Anderson,Dallas Mavericks,def,1065.0,2663.0,967.0,2117.0,1078.0,3468.0,745.0,1504.0,1712.0,1582.0,3025.0,902.0,1547.0,2412.0
Justin Anderson,Dallas Mavericks,of,754.0,2303.0,693.0,2128.0,1214.0,2672.0,698.0,951.0,1810.0,1427.0,2257.0,829.0,1095.0,2657.0
Justin Holiday,Atlanta Hawks,def,1278.0,3483.0,1622.0,3801.0,2081.0,5089.0,1071.0,1657.0,3381.0,2227.0,5912.0,1577.0,2703.0,4129.0
Justin Holiday,Atlanta Hawks,of,1185.0,2938.0,1174.0,2563.0,1715.0,4329.0,1264.0,1276.0,2805.0,1560.0,4811.0,1129.0,2382.0,2614.0
Justise Winslow,Miami Heat,def,8789.0,19492.0,8185.0,15276.0,8018.0,14385.0,5281.0,6750.0,12314.0,7950.0,14726.0,5386.0,8997.0,11477.0
Justise Winslow,Miami Heat,of,7617.0,18757.0,7922.0,14936.0,7303.0,13860.0,5732.0,7516.0,11551.0,8400.0,14515.0,5170.0,8819.0,12253.0
Jusuf Nurkic,Denver Nuggets,def,1142.0,2165.0,1633.0,2553.0,427.0,167.0,73.0,9.0,1234.0,566.0,226.0,40.0,26.0,786.0
Jusuf Nurkic,Denver Nuggets,of,1708.0,2470.0,2324.0,3489.0,765.0,348.0,59.0,14.0,1865.0,914.0,401.0,58.0,15.0,1346.0
Karl-Anthony Towns,Minnesota Timberwolves,def,21398.0,25833.0,25879.0,38060.0,11783.0,4960.0,1676.0,312.0,20943.0,9885.0,4069.0,1281.0,258.0,18483.0
Karl-Anthony Towns,Minnesota Timberwolves,of,19971.0,23908.0,23603.0,35481.0,10867.0,4537.0,957.0,257.0,19112.0,8897.0,3871.0,947.0,188.0,14919.0
Kawhi Leonard,San Antonio Spurs,def,6832.0,18687.0,8332.0,15813.0,9512.0,21558.0,6909.0,5125.0,14658.0,9556.0,23653.0,7516.0,5785.0,15856.0
Kawhi Leonard,San Antonio Spurs,of,7250.0,18596.0,8270.0,16053.0,10540.0,23960.0,8734.0,6431.0,15697.0,9135.0,25538.0,8436.0,6733.0,14267.0
Kelly Olynyk,Boston Celtics,def,10469.0,19470.0,13023.0,19067.0,5768.0,10026.0,1484.0,1401.0,9382.0,5426.0,10992.0,1493.0,1268.0,9415.0
Kelly Olynyk,Boston Celtics,of,10111.0,20258.0,13590.0,19544.0,5765.0,10345.0,1507.0,1217.0,11035.0,4829.0,9901.0,1607.0,1413.0,7909.0
Kelly Oubre Jr.,Washington Wizards,def,2560.0,6409.0,2994.0,7371.0,3095.0,9047.0,2200.0,2884.0,5694.0,3535.0,7201.0,2425.0,2864.0,6737.0
Kelly Oubre Jr.,Washington Wizards,of,2427.0,5244.0,2928.0,6094.0,2620.0,7304.0,1724.0,2782.0,4680.0,2499.0,6258.0,1796.0,3534.0,4717.0
Kemba Walker,Charlotte Hornets,def,13111.0,53667.0,11825.0,14839.0,12112.0,26164.0,5080.0,2719.0,12762.0,12122.0,25009.0,4235.0,2498.0,11950.0
Kemba Walker,Charlotte Hornets,of,12263.0,55918.0,11419.0,14079.0,11757.0,26785.0,4111.0,2104.0,11279.0,12315.0,24872.0,4324.0,2574.0,12363.0
Kenneth Faried,Denver Nuggets,def,14808.0,24542.0,18031.0,29786.0,4985.0,2164.0,941.0,62.0,13767.0,5873.0,1788.0,781.0,55.0,10799.0
Kenneth Faried,Denver Nuggets,of,16090.0,25964.0,19311.0,30953.0,5916.0,2083.0,1151.0,236.0,14342.0,5885.0,1816.0,1025.0,146.0,9827.0
Kent Bazemore,Atlanta Hawks,def,5332.0,18759.0,6015.0,12723.0,7602.0,20536.0,5766.0,4834.0,10134.0,7327.0,20501.0,5243.0,6554.0,10077.0
Kent Bazemore,Atlanta Hawks,of,5146.0,19227.0,6173.0,13497.0,8118.0,21919.0,6360.0,5224.0,11320.0,7407.0,20999.0,5819.0,7104.0,10986.0
Kentavious Caldwell-Pope,Detroit Pistons,def,10007.0,27769.0,7397.0,10251.0,11432.0,38539.0,11855.0,12295.0,9943.0,12986.0,26080.0,10150.0,4809.0,12574.0
Kentavious Caldwell-Pope,Detroit Pistons,of,10209.0,30094.0,7403.0,11547.0,11566.0,40003.0,12666.0,15422.0,10381.0,11878.0,25287.0,10226.0,4687.0,14061.0
Kevin Durant,Oklahoma City Thunder,def,10254.0,30535.0,10243.0,16616.0,10675.0,14335.0,4122.0,451.0,18056.0,11046.0,22327.0,5164.0,3184.0,18001.0
Kevin Durant,Oklahoma City Thunder,of,10820.0,32182.0,9951.0,17016.0,10129.0,14386.0,3774.0,827.0,17235.0,11112.0,21856.0,5172.0,3259.0,18620.0
Kevin Love,Cleveland Cavaliers,def,13556.0,23383.0,14468.0,27093.0,7910.0,11407.0,2844.0,3179.0,13330.0,7931.0,10010.0,2233.0,2409.0,12356.0
Kevin Love,Cleveland Cavaliers,of,13203.0,22861.0,14161.0,28242.0,6654.0,10700.0,2687.0,2780.0,13631.0,7727.0,8590.0,2311.0,1716.0,11846.0
Khris Middleton,Milwaukee Bucks,def,9079.0,24344.0,8779.0,16819.0,11617.0,29063.0,8478.0,8625.0,17005.0,11924.0,24825.0,7415.0,7598.0,20031.0
Khris Middleton,Milwaukee Bucks,of,8774.0,25420.0,8584.0,16111.0,12232.0,26442.0,8440.0,7020.0,19634.0,9717.0,22568.0,5747.0,6529.0,17244.0
Klay Thompson,Golden State Warriors,def,8694.0,22330.0,6400.0,13809.0,12358.0,30320.0,8748.0,4913.0,14172.0,12838.0,25890.0,8011.0,4968.0,16252.0
Klay Thompson,Golden State Warriors,of,7806.0,20591.0,6191.0,12032.0,11552.0,28377.0,8606.0,4216.0,13481.0,10743.0,25000.0,6927.0,5578.0,14682.0
Kosta Koufos,Sacramento Kings,def,12536.0,16651.0,18368.0,30642.0,4610.0,1894.0,803.0,99.0,16231.0,4009.0,1692.0,817.0,98.0,11208.0
Kosta Koufos,Sacramento Kings,of,12085.0,17108.0,18107.0,27810.0,4069.0,1578.0,712.0,128.0,14639.0,4270.0,1419.0,698.0,85.0,10967.0
Kristaps Porzingis,New York Knicks,def,14867.0,29948.0,20655.0,32002.0,7370.0,8309.0,3257.0,311.0,16680.0,7144.0,6965.0,3308.0,629.0,16476.0
Kristaps Porzingis,New York Knicks,of,14938.0,28469.0,20721.0,29254.0,6313.0,6759.0,2699.0,380.0,15448.0,7990.0,7955.0,3432.0,586.0,16209.0
Kyle Anderson,San Antonio Spurs,def,3612.0,7250.0,3677.0,6086.0,3875.0,9421.0,2557.0,3691.0,6621.0,4037.0,8466.0,2403.0,2857.0,6756.0
Kyle Anderson,San Antonio Spurs,of,2667.0,4869.0,2477.0,4865.0,2903.0,7167.0,2135.0,3814.0,4347.0,2864.0,5433.0,1927.0,2551.0,5687.0
Kyle Korver,Atlanta Hawks,def,6546.0,18851.0,6884.0,14052.0,8986.0,28986.0,6681.0,9452.0,15093.0,8744.0,19831.0,6447.0,5383.0,14592.0
Kyle Korver,Atlanta Hawks,of,7195.0,19555.0,6736.0,14661.0,8050.0,27718.0,6794.0,8982.0,14681.0,8796.0,19102.0,6215.0,5203.0,15093.0
Kyle Lowry,Toronto Raptors,def,11642.0,49588.0,10996.0,18338.0,10492.0,28549.0,4970.0,3442.0,14380.0,11195.0,22375.0,4547.0,2709.0,15020.0
Kyle Lowry,Toronto Raptors,of,12044.0,50410.0,11740.0,14679.0,10757.0,30383.0,4603.0,3450.0,12654.0,10931.0,20884.0,4140.0,2426.0,13548.0
Kyle O'Quinn,New York Knicks,def,4932.0,9642.0,7826.0,14666.0,1803.0,878.0,247.0,43.0,6266.0,1554.0,523.0,478.0,29.0,5181.0
Kyle O'Quinn,New York Knicks,of,4065.0,9760.0,7135.0,13545.0,1425.0,1042.0,415.0,66.0,5738.0,1389.0,874.0,667.0,91.0,5355.0
Kyle Singler,Oklahoma City Thunder,def,2423.0,5942.0,2844.0,4416.0,2359.0,4655.0,2166.0,3784.0,4841.0,2701.0,4533.0,2485.0,3411.0,3701.0
Kyle Singler,Oklahoma City Thunder,of,2693.0,5669.0,2773.0,4657.0,2857.0,5058.0,2210.0,3952.0,5034.0,2459.0,4465.0,2414.0,3458.0,4893.0
Kyrie Irving,Cleveland Cavaliers,def,2033.0,9802.0,1754.0,2762.0,2352.0,7271.0,1165.0,756.0,2720.0,2201.0,5541.0,1143.0,611.0,2737.0
Kyrie Irving,Cleveland Cavaliers,of,1895.0,8171.0,1559.0,2943.0,2030.0,5364.0,1371.0,665.0,2331.0,2072.0,5328.0,1417.0,731.0,2100.0
LaMarcus Aldridge,San Antonio Spurs,def,15337.0,23513.0,16942.0,29331.0,7609.0,2886.0,1593.0,222.0,16759.0,6398.0,2110.0,1699.0,215.0,12219.0
LaMarcus Aldridge,San Antonio Spurs,of,17866.0,29337.0,18906.0,34187.0,8717.0,3316.0,2433.0,126.0,20372.0,7906.0,2733.0,2419.0,190.0,13988.0
Lance Stephenson,Los Angeles Clippers,def,2429.0,7071.0,2128.0,5497.0,4167.0,7285.0,3616.0,3689.0,6406.0,3676.0,7440.0,3534.0,4551.0,6824.0
Lance Stephenson,Los Angeles Clippers,of,2480.0,7926.0,2447.0,5101.0,3984.0,7093.0,3331.0,2522.0,6023.0,4022.0,9157.0,4038.0,5645.0,6850.0
Lance Thomas,New York Knicks,def,6605.0,14180.0,6019.0,10720.0,6402.0,11309.0,6044.0,3986.0,11605.0,6978.0,10249.0,5195.0,3097.0,11668.0
Lance Thomas,New York Knicks,of,7417.0,15232.0,5674.0,10806.0,6754.0,11574.0,6542.0,3891.0,10988.0,7002.0,11389.0,6232.0,4440.0,11571.0
Langston Galloway,New York Knicks,def,6598.0,30954.0,6577.0,9097.0,8626.0,18126.0,6564.0,2413.0,9496.0,7979.0,16186.0,5644.0,3003.0,9583.0
Langston Galloway,New York Knicks,of,7571.0,29564.0,7138.0,8002.0,9158.0,18339.0,6472.0,2337.0,7966.0,7997.0,17502.0,6012.0,2594.0,9362.0
Larry Nance Jr.,Los Angeles Lakers,def,11476.0,16877.0,12292.0,18448.0,7667.0,4544.0,4560.0,716.0,11203.0,7054.0,3526.0,3308.0,441.0,11542.0
Larry Nance Jr.,Los Angeles Lakers,of,9604.0,13503.0,9851.0,14804.0,6348.0,3577.0,3512.0,379.0,8840.0,5535.0,3016.0,2852.0,274.0,8732.0
LeBron James,Cleveland Cavaliers,def,7581.0,23763.0,7793.0,14361.0,9595.0,23589.0,5566.0,3015.0,16516.0,9729.0,21349.0,6038.0,3259.0,18585.0
LeBron James,Cleveland Cavaliers,of,7273.0,21422.0,7519.0,12874.0,8180.0,21868.0,5152.0,2972.0,14309.0,8941.0,18770.0,5940.0,2958.0,16919.0
Lorenzo Brown,Phoenix Suns,def,199.0,792.0,169.0,358.0,311.0,751.0,297.0,30.0,343.0,178.0,876.0,97.0,89.0,168.0
Lorenzo Brown,Phoenix Suns,of,284.0,1285.0,220.0,407.0,378.0,914.0,116.0,41.0,403.0,228.0,836.0,168.0,96.0,280.0
Lou Williams,Los Angeles Lakers,def,7452.0,27937.0,5626.0,9191.0,9832.0,27892.0,5629.0,5436.0,14857.0,11091.0,23671.0,6853.0,4745.0,15053.0
Lou Williams,Los Angeles Lakers,of,6851.0,25270.0,5399.0,8431.0,10537.0,25167.0,5905.0,3850.0,14275.0,9478.0,22609.0,5459.0,4877.0,12698.0
Luc Mbah a Moute,Los Angeles Clippers,def,4399.0,8388.0,4293.0,8415.0,3632.0,4403.0,2448.0,2033.0,6128.0,4437.0,5854.0,3933.0,4572.0,8049.0
Luc Mbah a Moute,Los Angeles Clippers,of,4765.0,8429.0,5275.0,8701.0,4752.0,5319.0,3308.0,2339.0,7191.0,5064.0,6197.0,4061.0,6164.0,8510.0
Lucas Nogueira,Toronto Raptors,def,1899.0,2789.0,2730.0,3866.0,454.0,239.0,120.0,10.0,1146.0,1373.0,560.0,222.0,0.0,2016.0
Lucas Nogueira,Toronto Raptors,of,1757.0,2303.0,2571.0,2944.0,430.0,174.0,59.0,3.0,1208.0,935.0,276.0,73.0,4.0,1313.0
Luis Montero,Portland Trail Blazers,def,253.0,809.0,146.0,384.0,356.0,768.0,289.0,49.0,412.0,195.0,1100.0,438.0,186.0,302.0
Luis Montero,Portland Trail Blazers,of,23.0,147.0,34.0,96.0,94.0,139.0,43.0,24.0,203.0,92.0,232.0,140.0,67.0,110.0
Luke Babbitt,New Orleans Pelicans,def,1962.0,4836.0,1781.0,2960.0,1787.0,5591.0,1500.0,2080.0,3559.0,2224.0,4571.0,1532.0,1994.0,3225.0
Luke Babbitt,New Orleans Pelicans,of,2050.0,4987.0,1930.0,3305.0,1964.0,5607.0,1811.0,2342.0,3659.0,2097.0,4358.0,1788.0,1801.0,3070.0
Luol Deng,Miami Heat,def,8338.0,16260.0,8868.0,15502.0,8582.0,14781.0,4041.0,6257.0,11912.0,6654.0,16017.0,3631.0,8851.0,9930.0
Luol Deng,Miami Heat,of,9476.0,17986.0,9999.0,17169.0,9679.0,15880.0,4380.0,6230.0,13254.0,7945.0,18359.0,4255.0,9271.0,12385.0
Manu Ginobili,San Antonio Spurs,def,3767.0,11168.0,2993.0,6628.0,5461.0,13930.0,2838.0,1723.0,7549.0,5020.0,13429.0,2904.0,1946.0,8040.0
Manu Ginobili,San Antonio Spurs,of,3703.0,12653.0,3070.0,7727.0,6655.0,16678.0,3474.0,1475.0,9625.0,5769.0,17298.0,3870.0,2938.0,8833.0
Marc Gasol,Memphis Grizzlies,def,25853.0,38774.0,29951.0,36316.0,15398.0,4750.0,1677.0,163.0,21125.0,7615.0,2671.0,763.0,73.0,13224.0
Marc Gasol,Memphis Grizzlies,of,26658.0,37079.0,29525.0,38849.0,14681.0,5563.0,1846.0,189.0,22923.0,7680.0,2784.0,945.0,55.0,13225.0
Marcin Gortat,Washington Wizards,def,18922.0,25938.0,23850.0,32487.0,6002.0,1674.0,923.0,36.0,13012.0,7245.0,1742.0,1004.0,51.0,10420.0
Marcin Gortat,Washington Wizards,of,18880.0,24333.0,22948.0,29510.0,5937.0,2071.0,1039.0,127.0,12434.0,6659.0,2130.0,958.0,76.0,9841.0
Marco Belinelli,Sacramento Kings,def,4917.0,18310.0,4610.0,9254.0,8020.0,19131.0,6241.0,4070.0,12650.0,7646.0,18986.0,6040.0,5660.0,13420.0
Marco Belinelli,Sacramento Kings,of,6139.0,19232.0,5537.0,10827.0,8948.0,19998.0,6611.0,4626.0,13918.0,8149.0,20990.0,6622.0,6478.0,15812.0
Marcus Morris,Detroit Pistons,def,9254.0,19159.0,8601.0,14265.0,12278.0,21357.0,6480.0,3920.0,19365.0,11800.0,29509.0,8042.0,12186.0,19491.0
Marcus Morris,Detroit Pistons,of,7887.0,18030.0,7917.0,14035.0,13380.0,21315.0,6398.0,3891.0,18405.0,11236.0,32068.0,7819.0,13468.0,18337.0
Marcus Smart,Boston Celtics,def,4289.0,12229.0,3599.0,5973.0,4209.0,10426.0,2417.0,2974.0,5256.0,4022.0,8927.0,2638.0,2461.0,5681.0
Marcus Smart,Boston Celtics,of,4382.0,15226.0,4081.0,7135.0,5101.0,12073.0,3195.0,2887.0,6023.0,4867.0,11348.0,3833.0,3549.0,6861.0
Mario Chalmers,Memphis Grizzlies,def,5684.0,22645.0,4230.0,7157.0,5799.0,14069.0,2338.0,1310.0,7205.0,5389.0,11894.0,2622.0,1964.0,6662.0
Mario Chalmers,Memphis Grizzlies,of,5899.0,24849.0,4686.0,7757.0,6328.0,14182.0,2307.0,1609.0,6975.0,5553.0,11480.0,2380.0,1735.0,6049.0
Mario Chalmers,Miami Heat,def,612.0,2505.0,587.0,966.0,1216.0,2240.0,526.0,702.0,2082.0,1023.0,1914.0,297.0,657.0,1424.0
Mario Chalmers,Miami Heat,of,618.0,2582.0,485.0,714.0,747.0,1345.0,237.0,122.0,891.0,810.0,1332.0,406.0,475.0,1208.0
Mario Hezonja,Orlando Magic,def,1949.0,6784.0,2292.0,5280.0,3316.0,8855.0,3309.0,2555.0,5673.0,3441.0,8521.0,3503.0,2664.0,6426.0
Mario Hezonja,Orlando Magic,of,2201.0,8327.0,2679.0,5778.0,3997.0,9960.0,3684.0,2528.0,7673.0,3726.0,9914.0,3822.0,3160.0,7635.0
Markel Brown,Brooklyn Nets,def,1244.0,3748.0,1227.0,2126.0,1777.0,4654.0,1696.0,1776.0,2089.0,2183.0,4846.0,1449.0,1710.0,2701.0
Markel Brown,Brooklyn Nets,of,1659.0,3834.0,1596.0,2995.0,2075.0,5426.0,1579.0,2625.0,3000.0,2135.0,4956.0,990.0,1958.0,2619.0
Markieff Morris,Phoenix Suns,def,6859.0,14492.0,7516.0,11952.0,4539.0,4897.0,995.0,277.0,7025.0,4576.0,4115.0,600.0,233.0,7116.0
Markieff Morris,Phoenix Suns,of,7179.0,15273.0,8012.0,11576.0,4647.0,5692.0,1194.0,394.0,8328.0,4661.0,4086.0,1024.0,323.0,8550.0
Marreese Speights,Golden State Warriors,def,4000.0,7275.0,6253.0,9943.0,2312.0,1480.0,460.0,73.0,4092.0,2529.0,1501.0,891.0,102.0,4671.0
Marreese Speights,Golden State Warriors,of,4499.0,7967.0,7287.0,10224.0,2334.0,1329.0,479.0,162.0,4388.0,3025.0,1815.0,1365.0,196.0,6123.0
Marvin Williams,Charlotte Hornets,def,14670.0,29560.0,13572.0,25177.0,9950.0,15489.0,4196.0,3732.0,15150.0,8604.0,12254.0,3946.0,3423.0,15126.0
Marvin Williams,Charlotte Hornets,of,13053.0,28215.0,12074.0,21010.0,8283.0,14477.0,3744.0,3404.0,13885.0,8174.0,11823.0,3539.0,3268.0,14601.0
Mason Plumlee,Portland Trail Blazers,def,15470.0,27089.0,24242.0,35422.0,8082.0,4343.0,948.0,48.0,13537.0,8465.0,3780.0,1312.0,126.0,16514.0
Mason Plumlee,Portland Trail Blazers,of,15938.0,28081.0,24395.0,37209.0,8065.0,4329.0,1125.0,100.0,14305.0,8276.0,3768.0,1247.0,123.0,15881.0
Matthew Dellavedova,Cleveland Cavaliers,def,6811.0,27989.0,6331.0,7264.0,6602.0,15849.0,3066.0,2983.0,7046.0,6434.0,15844.0,3437.0,3828.0,8124.0
Matthew Dellavedova,Cleveland Cavaliers,of,7132.0,32744.0,7560.0,8588.0,6635.0,16217.0,2979.0,2389.0,8116.0,7224.0,16177.0,3154.0,3174.0,8648.0
Maurice Harkless,Portland Trail Blazers,def,4383.0,9462.0,5281.0,12075.0,5499.0,12903.0,4751.0,5245.0,11157.0,5616.0,11760.0,4072.0,5818.0,12623.0
Maurice Harkless,Portland Trail Blazers,of,4936.0,11548.0,5263.0,11701.0,5632.0,13259.0,4525.0,4749.0,10684.0,5571.0,11946.0,3910.0,5250.0,11683.0
Meyers Leonard,Portland Trail Blazers,def,12439.0,25440.0,13839.0,18230.0,6537.0,7263.0,1582.0,1367.0,9969.0,5912.0,5502.0,1285.0,1147.0,8556.0
Meyers Leonard,Portland Trail Blazers,of,12380.0,25321.0,14444.0,18263.0,7511.0,7687.0,1551.0,1256.0,10484.0,6807.0,6703.0,1912.0,1912.0,8437.0
Michael Carter-Williams,Milwaukee Bucks,def,9539.0,37249.0,9332.0,14362.0,8712.0,19195.0,4039.0,1083.0,10228.0,8757.0,15014.0,3667.0,846.0,9330.0
Michael Carter-Williams,Milwaukee Bucks,of,9228.0,37447.0,8389.0,13403.0,9088.0,19369.0,4167.0,1342.0,10506.0,8558.0,15205.0,3410.0,1040.0,9680.0
Mike Conley,Memphis Grizzlies,def,9556.0,37672.0,8700.0,10925.0,9911.0,25393.0,4477.0,1705.0,11522.0,8719.0,21331.0,4430.0,1897.0,9702.0
Mike Conley,Memphis Grizzlies,of,9013.0,35770.0,8355.0,9645.0,10103.0,25820.0,4645.0,1809.0,11826.0,8476.0,21475.0,3728.0,1556.0,10051.0
Mike Muscala,Atlanta Hawks,def,4780.0,7645.0,5823.0,8800.0,1681.0,1205.0,823.0,544.0,3773.0,1645.0,1192.0,500.0,409.0,3032.0
Mike Muscala,Atlanta Hawks,of,5420.0,8380.0,6672.0,11157.0,1937.0,1423.0,933.0,830.0,5270.0,1702.0,1134.0,722.0,524.0,4738.0
Mike Scott,Atlanta Hawks,def,7474.0,15271.0,7607.0,13080.0,4189.0,3243.0,1356.0,1608.0,8158.0,4751.0,3317.0,1656.0,988.0,7969.0
Mike Scott,Atlanta Hawks,of,6355.0,11863.0,6054.0,9611.0,3617.0,3648.0,1329.0,1185.0,6305.0,3438.0,2657.0,1236.0,1055.0,5523.0
Miles Plumlee,Milwaukee Bucks,def,2433.0,3154.0,2973.0,6457.0,1466.0,504.0,202.0,3.0,2528.0,1150.0,267.0,209.0,10.0,3258.0
Miles Plumlee,Milwaukee Bucks,of,2881.0,3922.0,3713.0,6813.0,1618.0,515.0,174.0,0.0,2897.0,1482.0,359.0,137.0,0.0,2869.0
Mirza Teletovic,Phoenix Suns,def,7830.0,19290.0,7592.0,13652.0,6169.0,9778.0,2147.0,1260.0,9232.0,5716.0,8988.0,1682.0,1254.0,7703.0
Mirza Teletovic,Phoenix Suns,of,7750.0,19233.0,7875.0,15303.0,5672.0,9928.0,1814.0,1091.0,8927.0,6073.0,8486.0,1869.0,1509.0,8384.0
Montrezl Harrell,Houston Rockets,def,2886.0,4706.0,3492.0,7078.0,1956.0,1150.0,322.0,70.0,4136.0,1232.0,937.0,308.0,65.0,2522.0
Montrezl Harrell,Houston Rockets,of,3037.0,4395.0,2948.0,5540.0,1543.0,873.0,309.0,75.0,4650.0,1001.0,815.0,336.0,132.0,2470.0
Myles Turner,Indiana Pacers,def,5343.0,6925.0,7141.0,9845.0,1609.0,533.0,262.0,2.0,3851.0,1550.0,526.0,322.0,63.0,5512.0
Myles Turner,Indiana Pacers,of,5310.0,7676.0,7156.0,10421.0,1684.0,553.0,369.0,34.0,4705.0,1837.0,465.0,286.0,31.0,4977.0
Nemanja Bjelica,Minnesota Timberwolves,def,9081.0,19577.0,8421.0,16133.0,5161.0,8025.0,1447.0,1290.0,7844.0,5712.0,7213.0,2218.0,1301.0,8759.0
Nemanja Bjelica,Minnesota Timberwolves,of,8585.0,17235.0,8098.0,14939.0,4434.0,7593.0,1470.0,1142.0,6257.0,4959.0,6114.0,1790.0,963.0,8496.0
Nene ,Washington Wizards,def,5417.0,8790.0,5078.0,8388.0,1844.0,782.0,463.0,18.0,4109.0,2702.0,1009.0,373.0,16.0,3734.0
Nene ,Washington Wizards,of,5186.0,8631.0,5074.0,7970.0,1896.0,1113.0,325.0,0.0,3411.0,3383.0,1291.0,631.0,14.0,4512.0
Nerlens Noel,Philadelphia 76ers,def,18995.0,27384.0,21197.0,32690.0,7529.0,3499.0,1627.0,69.0,15042.0,7126.0,2889.0,1431.0,29.0,14087.0
Nerlens Noel,Philadelphia 76ers,of,17685.0,25779.0,19250.0,30244.0,6640.0,3219.0,1004.0,42.0,14504.0,6966.0,3063.0,1437.0,68.0,14171.0
Nick Collison,Oklahoma City Thunder,def,8541.0,9332.0,8024.0,11327.0,4625.0,2888.0,976.0,318.0,6790.0,3923.0,1592.0,874.0,463.0,5913.0
Nick Collison,Oklahoma City Thunder,of,7962.0,9195.0,8366.0,12772.0,5529.0,2922.0,953.0,250.0,6734.0,3515.0,1535.0,738.0,315.0,6999.0
Nick Young,Los Angeles Lakers,def,3399.0,9113.0,3256.0,6281.0,4651.0,12675.0,2922.0,3137.0,8366.0,4990.0,13106.0,4126.0,4801.0,8133.0
Nick Young,Los Angeles Lakers,of,3956.0,10395.0,2987.0,5842.0,4926.0,13800.0,3117.0,4117.0,7794.0,4536.0,12221.0,3794.0,4293.0,8415.0
Nicolas Batum,Charlotte Hornets,def,7291.0,21368.0,7569.0,15348.0,10506.0,26147.0,9195.0,3821.0,16043.0,11569.0,19519.0,7544.0,2061.0,17569.0
Nicolas Batum,Charlotte Hornets,of,6692.0,17774.0,7221.0,14070.0,9875.0,22719.0,9056.0,4148.0,13914.0,10232.0,18451.0,7470.0,1929.0,15985.0
Nik Stauskas,Philadelphia 76ers,def,3945.0,15066.0,4277.0,8579.0,6662.0,21608.0,3857.0,7185.0,9400.0,6220.0,18569.0,3874.0,6189.0,11498.0
Nik Stauskas,Philadelphia 76ers,of,3519.0,13079.0,3737.0,6736.0,5553.0,17357.0,3025.0,4600.0,8659.0,4970.0,15819.0,2890.0,5899.0,8084.0
Nikola Jokic,Denver Nuggets,def,12858.0,18833.0,17627.0,22732.0,4518.0,1909.0,679.0,64.0,9502.0,6289.0,2225.0,637.0,234.0,9456.0
Nikola Jokic,Denver Nuggets,of,13085.0,19123.0,16659.0,23015.0,4858.0,2559.0,890.0,151.0,9489.0,6463.0,2031.0,822.0,107.0,10153.0
Nikola Mirotic,Chicago Bulls,def,8848.0,23021.0,8405.0,16304.0,6483.0,10507.0,3106.0,2431.0,10439.0,5390.0,8679.0,2872.0,2408.0,9234.0
Nikola Mirotic,Chicago Bulls,of,8059.0,21896.0,8231.0,15482.0,5219.0,11584.0,3381.0,2746.0,10675.0,6170.0,8466.0,2698.0,2174.0,10075.0
Nikola Vucevic,Orlando Magic,def,18789.0,25603.0,22420.0,34438.0,8294.0,3103.0,1370.0,38.0,16321.0,6504.0,1783.0,1245.0,42.0,15963.0
Nikola Vucevic,Orlando Magic,of,18515.0,23970.0,22143.0,30278.0,8412.0,2949.0,1403.0,33.0,15284.0,7078.0,1850.0,1043.0,73.0,15474.0
Noah Vonleh,Portland Trail Blazers,def,9358.0,17258.0,10929.0,17248.0,6948.0,3136.0,1105.0,258.0,10463.0,6014.0,2088.0,1480.0,465.0,8704.0
Noah Vonleh,Portland Trail Blazers,of,9602.0,18240.0,11425.0,19503.0,6782.0,2961.0,893.0,136.0,9773.0,6136.0,2181.0,1389.0,515.0,9874.0
Norman Powell,Toronto Raptors,def,354.0,1155.0,537.0,580.0,715.0,1296.0,451.0,388.0,858.0,263.0,1127.0,249.0,599.0,565.0
Norman Powell,Toronto Raptors,of,683.0,1858.0,666.0,979.0,534.0,1803.0,543.0,839.0,814.0,1033.0,2000.0,594.0,566.0,931.0
Omer Asik,New Orleans Pelicans,def,7972.0,13083.0,11923.0,21505.0,2995.0,2541.0,408.0,43.0,6086.0,4066.0,2538.0,455.0,44.0,6161.0
Omer Asik,New Orleans Pelicans,of,7068.0,11917.0,11179.0,19317.0,3036.0,2550.0,424.0,10.0,6374.0,3757.0,2341.0,510.0,13.0,5583.0
Omri Casspi,Sacramento Kings,def,8065.0,26250.0,9670.0,19700.0,7359.0,16692.0,3478.0,3694.0,12883.0,7737.0,16900.0,3311.0,3814.0,14456.0
Omri Casspi,Sacramento Kings,of,8573.0,27012.0,9176.0,19664.0,7935.0,15951.0,3650.0,4314.0,14709.0,8350.0,17061.0,3184.0,3948.0,14484.0
Otto Porter Jr.,Washington Wizards,def,8035.0,20045.0,8364.0,14541.0,8155.0,14418.0,5177.0,4095.0,10630.0,7675.0,13099.0,5397.0,4326.0,11827.0
Otto Porter Jr.,Washington Wizards,of,8264.0,20629.0,8780.0,13658.0,8435.0,15770.0,6038.0,5315.0,10528.0,8367.0,13547.0,5293.0,4173.0,11882.0
PJ Tucker,Phoenix Suns,def,8596.0,19186.0,7871.0,17758.0,8051.0,15416.0,4952.0,9898.0,11937.0,8923.0,14938.0,5337.0,10063.0,15128.0
PJ Tucker,Phoenix Suns,of,8267.0,19673.0,7960.0,16534.0,8865.0,16140.0,5816.0,10351.0,12026.0,9290.0,16296.0,5729.0,10881.0,14124.0
Pat Connaughton,Portland Trail Blazers,def,414.0,1407.0,414.0,715.0,493.0,1627.0,528.0,559.0,514.0,465.0,1312.0,403.0,370.0,906.0
Pat Connaughton,Portland Trail Blazers,of,185.0,424.0,206.0,257.0,155.0,649.0,124.0,217.0,281.0,340.0,493.0,310.0,52.0,721.0
Patrick Beverley,Houston Rockets,def,6257.0,21145.0,5610.0,7553.0,7396.0,15027.0,4447.0,5083.0,8430.0,6532.0,13858.0,3138.0,4507.0,7410.0
Patrick Beverley,Houston Rockets,of,5665.0,19648.0,5025.0,7162.0,6248.0,13625.0,3477.0,4349.0,7363.0,5834.0,13276.0,3487.0,3392.0,7049.0
Patrick Patterson,Toronto Raptors,def,10592.0,25944.0,10107.0,16615.0,7281.0,12718.0,3351.0,4340.0,9365.0,7978.0,12596.0,3008.0,4289.0,10107.0
Patrick Patterson,Toronto Raptors,of,11004.0,25049.0,10774.0,16960.0,7751.0,13149.0,2648.0,3951.0,8286.0,7355.0,12086.0,2844.0,3977.0,8972.0
Patty Mills,San Antonio Spurs,def,5431.0,27180.0,4854.0,6058.0,6759.0,16851.0,4776.0,3081.0,7850.0,6204.0,13840.0,4184.0,3196.0,6950.0
Patty Mills,San Antonio Spurs,of,5232.0,25964.0,4178.0,5639.0,6043.0,16186.0,3874.0,3048.0,7063.0,5714.0,13531.0,3995.0,2975.0,7193.0
Pau Gasol,Chicago Bulls,def,18166.0,29553.0,24422.0,37381.0,5694.0,2514.0,1907.0,612.0,14098.0,6656.0,2469.0,1237.0,512.0,12893.0
Pau Gasol,Chicago Bulls,of,18555.0,28470.0,24300.0,34513.0,5356.0,3025.0,2357.0,1012.0,13213.0,6117.0,2500.0,1631.0,675.0,10888.0
Paul George,Indiana Pacers,def,9339.0,29039.0,9934.0,20625.0,11135.0,21939.0,7429.0,2865.0,17037.0,11566.0,20874.0,8558.0,4280.0,18672.0
Paul George,Indiana Pacers,of,9397.0,31260.0,10369.0,20952.0,11473.0,24940.0,8303.0,2962.0,16721.0,12833.0,23143.0,9214.0,4759.0,21391.0
Paul Millsap,Atlanta Hawks,def,17284.0,36747.0,18828.0,35476.0,8269.0,7671.0,3260.0,1212.0,15925.0,9887.0,7867.0,3846.0,1206.0,16828.0
Paul Millsap,Atlanta Hawks,of,18989.0,37263.0,19613.0,36811.0,8685.0,7761.0,3684.0,971.0,17498.0,10712.0,8498.0,4720.0,1845.0,18625.0
Quincy Acy,Sacramento Kings,def,3778.0,5968.0,3626.0,5807.0,1592.0,826.0,508.0,184.0,3481.0,2033.0,790.0,528.0,231.0,3171.0
Quincy Acy,Sacramento Kings,of,3084.0,3896.0,2973.0,5450.0,1885.0,1182.0,896.0,341.0,2818.0,1666.0,758.0,514.0,180.0,2989.0
RJ Hunter,Boston Celtics,def,994.0,3079.0,1230.0,1571.0,2057.0,5380.0,1924.0,2247.0,2230.0,1614.0,4960.0,1639.0,2696.0,2494.0
RJ Hunter,Boston Celtics,of,1354.0,3034.0,975.0,1870.0,2124.0,4315.0,2311.0,2146.0,2377.0,1511.0,3898.0,1393.0,2323.0,2558.0
Rajon Rondo,Sacramento Kings,def,12857.0,40722.0,12161.0,16024.0,12278.0,25487.0,5346.0,2459.0,14974.0,9429.0,17444.0,4317.0,2071.0,11749.0
Rajon Rondo,Sacramento Kings,of,11855.0,40437.0,12581.0,16263.0,11542.0,24298.0,5382.0,2242.0,15760.0,11137.0,18900.0,4290.0,2182.0,13693.0
Ramon Sessions,Washington Wizards,def,4436.0,21439.0,4874.0,6169.0,5665.0,15836.0,2849.0,3225.0,6350.0,6190.0,16032.0,2680.0,2725.0,7309.0
Ramon Sessions,Washington Wizards,of,5231.0,23778.0,5244.0,6894.0,6645.0,18253.0,3611.0,3942.0,6795.0,6173.0,17295.0,3531.0,3443.0,7923.0
Rashad Vaughn,Milwaukee Bucks,def,1500.0,4706.0,1463.0,3800.0,2813.0,6745.0,2473.0,2500.0,4519.0,2432.0,9201.0,2688.0,6865.0,3940.0
Rashad Vaughn,Milwaukee Bucks,of,1574.0,3975.0,1295.0,3729.0,2859.0,6812.0,2496.0,2386.0,5035.0,2096.0,7234.0,2340.0,5273.0,3621.0
Raul Neto,Utah Jazz,def,5382.0,21675.0,5042.0,6088.0,5647.0,16086.0,3357.0,5139.0,7256.0,5633.0,14733.0,3034.0,4955.0,7863.0
Raul Neto,Utah Jazz,of,4855.0,20827.0,4911.0,5728.0,5670.0,15482.0,3111.0,4429.0,6548.0,5481.0,13680.0,2890.0,4448.0,6855.0
Raymond Felton,Dallas Mavericks,def,7534.0,29009.0,7028.0,10666.0,8354.0,20667.0,4312.0,3231.0,9388.0,7332.0,23289.0,4771.0,4646.0,8891.0
Raymond Felton,Dallas Mavericks,of,6736.0,28730.0,6840.0,10041.0,8029.0,20003.0,5056.0,3581.0,9878.0,7113.0,22520.0,4217.0,5037.0,9362.0
Reggie Bullock,Detroit Pistons,def,561.0,1293.0,427.0,780.0,704.0,1367.0,862.0,1010.0,766.0,538.0,1422.0,697.0,697.0,895.0
Reggie Bullock,Detroit Pistons,of,427.0,1205.0,644.0,868.0,477.0,1263.0,966.0,756.0,863.0,674.0,1496.0,444.0,866.0,1034.0
Reggie Jackson,Detroit Pistons,def,9541.0,53144.0,9641.0,15528.0,8862.0,16750.0,3488.0,1168.0,11837.0,8770.0,14129.0,3470.0,837.0,13251.0
Reggie Jackson,Detroit Pistons,of,9943.0,54826.0,10510.0,15549.0,8724.0,17629.0,3911.0,1015.0,12742.0,9673.0,14979.0,3559.0,961.0,11507.0
Richard Jefferson,Cleveland Cavaliers,def,3385.0,8730.0,3707.0,5703.0,4942.0,11320.0,4117.0,8155.0,7973.0,4226.0,10155.0,3121.0,8759.0,7354.0
Richard Jefferson,Cleveland Cavaliers,of,3476.0,9298.0,3764.0,5508.0,4764.0,11117.0,4370.0,6592.0,7529.0,4604.0,11377.0,3755.0,8804.0,7744.0
Richaun Holmes,Philadelphia 76ers,def,5408.0,9381.0,7462.0,12396.0,2555.0,927.0,347.0,76.0,6232.0,2510.0,1119.0,435.0,10.0,6386.0
Richaun Holmes,Philadelphia 76ers,of,5518.0,9849.0,7577.0,13208.0,2967.0,1457.0,626.0,168.0,6692.0,2302.0,1194.0,429.0,74.0,6258.0
Ricky Rubio,Minnesota Timberwolves,def,9174.0,41159.0,9873.0,13116.0,9478.0,24442.0,4515.0,1530.0,11017.0,8203.0,17372.0,3685.0,1535.0,10559.0
Ricky Rubio,Minnesota Timberwolves,of,7816.0,37274.0,8731.0,11822.0,8730.0,20623.0,4364.0,2053.0,10360.0,7886.0,16951.0,3593.0,1340.0,9600.0
Robert Covington,Philadelphia 76ers,def,7194.0,19495.0,7889.0,15609.0,5713.0,15503.0,2537.0,3244.0,9114.0,5784.0,15402.0,3237.0,5027.0,11079.0
Robert Covington,Philadelphia 76ers,of,7612.0,19809.0,6987.0,13076.0,5702.0,14339.0,2058.0,3544.0,8304.0,5755.0,15134.0,2834.0,3591.0,9365.0
Robin Lopez,New York Knicks,def,13874.0,23575.0,25015.0,34773.0,4235.0,1514.0,1076.0,28.0,21791.0,4039.0,1081.0,847.0,44.0,17324.0
Robin Lopez,New York Knicks,of,13833.0,23324.0,24881.0,34660.0,4476.0,1226.0,1149.0,146.0,21893.0,3817.0,1009.0,691.0,2.0,17072.0
Rodney Hood,Utah Jazz,def,7071.0,23702.0,7371.0,11846.0,9229.0,20452.0,6279.0,7360.0,12828.0,8817.0,20281.0,6605.0,8343.0,13022.0
Rodney Hood,Utah Jazz,of,7234.0,25560.0,7429.0,12784.0,10110.0,23110.0,7335.0,7705.0,13193.0,8934.0,21171.0,5849.0,7969.0,13063.0
Rondae Hollis-Jefferson,Brooklyn Nets,def,2639.0,5381.0,2876.0,5987.0,3215.0,4821.0,3044.0,1670.0,4015.0,2752.0,4938.0,3032.0,3282.0,4211.0
Rondae Hollis-Jefferson,Brooklyn Nets,of,2224.0,6013.0,2750.0,6302.0,2575.0,4534.0,3003.0,1577.0,4366.0,2561.0,4589.0,2978.0,2214.0,3682.0
Rudy Gay,Sacramento Kings,def,12264.0,27925.0,13199.0,23061.0,9907.0,13640.0,5983.0,2436.0,15248.0,11426.0,15268.0,6922.0,3382.0,17699.0
Rudy Gay,Sacramento Kings,of,12783.0,27342.0,13702.0,23095.0,10058.0,12441.0,5533.0,2265.0,15793.0,10588.0,13450.0,6345.0,3176.0,17052.0
Rudy Gobert,Utah Jazz,def,13671.0,18850.0,15102.0,23603.0,4647.0,943.0,289.0,34.0,9279.0,4239.0,1027.0,362.0,40.0,8712.0
Rudy Gobert,Utah Jazz,of,11822.0,17278.0,12814.0,22995.0,3926.0,891.0,413.0,10.0,10229.0,3726.0,899.0,413.0,36.0,7878.0
Russell Westbrook,Oklahoma City Thunder,def,14979.0,51407.0,12947.0,18444.0,13694.0,20946.0,4902.0,917.0,14165.0,11268.0,16975.0,4022.0,1398.0,12918.0
Russell Westbrook,Oklahoma City Thunder,of,15485.0,50984.0,13286.0,17624.0,13666.0,22135.0,5262.0,998.0,13937.0,12048.0,19873.0,4600.0,1977.0,13762.0
Ryan Anderson,New Orleans Pelicans,def,17999.0,31341.0,15753.0,22706.0,9895.0,11464.0,3313.0,971.0,14455.0,10717.0,9757.0,3139.0,796.0,17580.0
Ryan Anderson,New Orleans Pelicans,of,19308.0,31957.0,16347.0,24606.0,9250.0,11514.0,2662.0,786.0,14887.0,10220.0,10043.0,3409.0,681.0,17467.0
Salah Mejri,Dallas Mavericks,def,1152.0,1544.0,1088.0,1986.0,369.0,137.0,35.0,2.0,795.0,492.0,243.0,63.0,21.0,741.0
Salah Mejri,Dallas Mavericks,of,506.0,793.0,737.0,1208.0,313.0,147.0,19.0,0.0,515.0,361.0,112.0,37.0,0.0,423.0
Sam Dekker,Houston Rockets,of,24.0,71.0,21.0,36.0,2.0,58.0,14.0,45.0,20.0,99.0,47.0,0.0,13.0,362.0
Sean Kilpatrick,Denver Nuggets,def,61.0,238.0,93.0,152.0,135.0,438.0,122.0,443.0,262.0,147.0,316.0,212.0,119.0,316.0
Sean Kilpatrick,Denver Nuggets,of,115.0,333.0,74.0,152.0,197.0,642.0,116.0,334.0,176.0,166.0,336.0,202.0,107.0,381.0
Serge Ibaka,Oklahoma City Thunder,def,22748.0,31271.0,20620.0,32693.0,13553.0,13870.0,3614.0,3507.0,14555.0,11440.0,7239.0,2739.0,3250.0,14300.0
Serge Ibaka,Oklahoma City Thunder,of,21740.0,31332.0,19872.0,31612.0,14436.0,15034.0,3220.0,3249.0,15488.0,10409.0,7214.0,2812.0,3502.0,13328.0
Seth Curry,Sacramento Kings,def,1461.0,5097.0,1541.0,2243.0,1845.0,3993.0,1450.0,892.0,2797.0,2085.0,4040.0,1746.0,1103.0,2117.0
Seth Curry,Sacramento Kings,of,1179.0,3539.0,1264.0,1845.0,1415.0,3207.0,1432.0,1101.0,1919.0,1449.0,2889.0,1737.0,1073.0,2210.0
Shabazz Muhammad,Minnesota Timberwolves,def,3651.0,9968.0,4201.0,10711.0,5499.0,12083.0,7042.0,7897.0,10462.0,6813.0,11889.0,6667.0,7715.0,11238.0
Shabazz Muhammad,Minnesota Timberwolves,of,4461.0,10247.0,4622.0,11808.0,5953.0,12974.0,7907.0,8145.0,11705.0,6912.0,12565.0,7480.0,7213.0,12787.0
Shabazz Napier,Orlando Magic,def,3521.0,14406.0,3298.0,3273.0,3203.0,9038.0,1954.0,1310.0,3353.0,3324.0,7412.0,1568.0,976.0,3342.0
Shabazz Napier,Orlando Magic,of,2898.0,12784.0,2727.0,3050.0,2920.0,7987.0,1289.0,1043.0,3293.0,2858.0,7776.0,1569.0,928.0,3149.0
Shane Larkin,Brooklyn Nets,def,5177.0,24095.0,4250.0,6665.0,5470.0,12892.0,2574.0,1076.0,5603.0,5883.0,11049.0,2324.0,1354.0,7323.0
Shane Larkin,Brooklyn Nets,of,5381.0,23897.0,4518.0,6815.0,6457.0,13969.0,2899.0,1404.0,6775.0,5900.0,12548.0,3035.0,1394.0,6677.0
Shaun Livingston,Golden State Warriors,def,5632.0,17578.0,5781.0,10981.0,7980.0,12788.0,4884.0,1676.0,10776.0,6752.0,10582.0,4371.0,2050.0,9623.0
Shaun Livingston,Golden State Warriors,of,6354.0,16584.0,5813.0,9129.0,7472.0,11525.0,4441.0,1692.0,9057.0,6677.0,9707.0,3461.0,1132.0,9274.0
Shelvin Mack,Atlanta Hawks,def,1109.0,4660.0,1006.0,1169.0,1364.0,3124.0,736.0,352.0,1271.0,1310.0,3169.0,618.0,275.0,1356.0
Shelvin Mack,Atlanta Hawks,of,983.0,3447.0,933.0,1174.0,910.0,2748.0,374.0,270.0,979.0,1057.0,2470.0,372.0,214.0,933.0
Solomon Hill,Indiana Pacers,def,2127.0,5450.0,1971.0,3143.0,1276.0,2350.0,556.0,334.0,1976.0,1682.0,2300.0,760.0,391.0,2873.0
Solomon Hill,Indiana Pacers,of,2170.0,5627.0,2404.0,4367.0,1364.0,2110.0,820.0,357.0,2848.0,2056.0,1853.0,934.0,506.0,3684.0
Spencer Dinwiddie,Detroit Pistons,def,973.0,4399.0,688.0,751.0,876.0,2335.0,507.0,270.0,1015.0,818.0,1604.0,240.0,79.0,682.0
Spencer Dinwiddie,Detroit Pistons,of,789.0,4465.0,664.0,850.0,967.0,2164.0,371.0,50.0,1049.0,716.0,1291.0,231.0,60.0,591.0
Stanley Johnson,Detroit Pistons,def,5336.0,15595.0,5232.0,10045.0,7571.0,15378.0,9091.0,5951.0,7483.0,6496.0,16749.0,8513.0,10066.0,8414.0
Stanley Johnson,Detroit Pistons,of,5048.0,13281.0,5020.0,9870.0,7006.0,13803.0,8424.0,6030.0,8155.0,6033.0,15440.0,7970.0,10335.0,7513.0
Stephen Curry,Golden State Warriors,def,12356.0,38103.0,10104.0,14334.0,13034.0,22737.0,6305.0,1108.0,13987.0,12070.0,19500.0,5864.0,1134.0,14399.0
Stephen Curry,Golden State Warriors,of,11924.0,37522.0,10154.0,13476.0,13426.0,22095.0,6789.0,1289.0,14756.0,12305.0,21230.0,6815.0,1432.0,15738.0
Steven Adams,Oklahoma City Thunder,def,14492.0,21620.0,20399.0,33871.0,4492.0,2206.0,611.0,151.0,14372.0,5973.0,2375.0,791.0,207.0,10568.0
Steven Adams,Oklahoma City Thunder,of,16370.0,26363.0,23909.0,37883.0,4111.0,1972.0,514.0,118.0,13427.0,7048.0,2249.0,572.0,86.0,12784.0
T.J. McConnell,Philadelphia 76ers,def,7210.0,31007.0,6451.0,9220.0,6725.0,17246.0,3545.0,1334.0,6940.0,7029.0,17892.0,3609.0,1815.0,7563.0
T.J. McConnell,Philadelphia 76ers,of,6334.0,30035.0,6195.0,8465.0,6679.0,16009.0,3475.0,1314.0,6812.0,5907.0,15916.0,3096.0,1562.0,6996.0
TJ Warren,Phoenix Suns,def,6739.0,12810.0,5627.0,9236.0,7724.0,15293.0,6062.0,5409.0,10704.0,7387.0,18315.0,5835.0,7593.0,9889.0
TJ Warren,Phoenix Suns,of,5433.0,11963.0,5382.0,9331.0,6222.0,14878.0,5659.0,6494.0,10142.0,7027.0,15336.0,6366.0,6020.0,10848.0
Taj Gibson,Chicago Bulls,def,13399.0,20225.0,15533.0,24514.0,7361.0,3424.0,1857.0,179.0,16555.0,7503.0,2954.0,1357.0,39.0,11645.0
Taj Gibson,Chicago Bulls,of,13007.0,20544.0,15354.0,23331.0,7320.0,3533.0,1720.0,103.0,16411.0,7271.0,3115.0,1425.0,86.0,11738.0
Tarik Black,Los Angeles Lakers,def,1860.0,2490.0,2051.0,3544.0,612.0,229.0,34.0,0.0,1333.0,798.0,213.0,61.0,7.0,1253.0
Tarik Black,Los Angeles Lakers,of,2228.0,3222.0,2109.0,4444.0,804.0,350.0,94.0,12.0,1780.0,1034.0,588.0,189.0,11.0,1616.0
Terrence Ross,Toronto Raptors,def,4102.0,12582.0,4030.0,6475.0,6701.0,12762.0,5891.0,5240.0,7097.0,5359.0,13646.0,4977.0,7746.0,7646.0
Terrence Ross,Toronto Raptors,of,4758.0,14276.0,4391.0,7971.0,6846.0,14322.0,5868.0,5716.0,8619.0,6184.0,15065.0,6527.0,8720.0,9247.0
Terry Rozier,Boston Celtics,def,640.0,2619.0,541.0,938.0,983.0,3447.0,661.0,344.0,903.0,758.0,2070.0,421.0,221.0,841.0
Terry Rozier,Boston Celtics,of,844.0,2173.0,520.0,864.0,811.0,1579.0,432.0,112.0,975.0,530.0,1909.0,322.0,496.0,637.0
Thabo Sefolosha,Atlanta Hawks,def,5998.0,13676.0,6167.0,11013.0,6754.0,14564.0,4339.0,5142.0,8858.0,7260.0,15277.0,4911.0,5835.0,10404.0
Thabo Sefolosha,Atlanta Hawks,of,5435.0,13596.0,6681.0,11105.0,6825.0,15882.0,4540.0,5176.0,9619.0,7354.0,16433.0,5179.0,5349.0,12093.0
Thaddeus Young,Brooklyn Nets,def,17133.0,30957.0,16485.0,31358.0,8558.0,5753.0,2237.0,702.0,19971.0,8492.0,5154.0,1997.0,722.0,20306.0
Thaddeus Young,Brooklyn Nets,of,17448.0,32072.0,16558.0,33243.0,8562.0,6069.0,1982.0,399.0,20439.0,8568.0,4875.0,2124.0,520.0,21622.0
Tim Frazier,Portland Trail Blazers,def,1733.0,8865.0,1824.0,2535.0,1996.0,4337.0,911.0,376.0,3185.0,1865.0,4231.0,885.0,334.0,2214.0
Tim Frazier,Portland Trail Blazers,of,2004.0,8492.0,2202.0,2488.0,2469.0,4162.0,907.0,339.0,2242.0,1554.0,3602.0,750.0,549.0,1590.0
Tim Hardaway Jr.,Atlanta Hawks,def,1144.0,2550.0,960.0,1728.0,1373.0,3311.0,707.0,1486.0,2146.0,1262.0,3490.0,807.0,1107.0,2362.0
Tim Hardaway Jr.,Atlanta Hawks,of,690.0,2462.0,680.0,1262.0,1254.0,2927.0,903.0,1269.0,1126.0,974.0,3056.0,767.0,1163.0,1564.0
Timofey Mozgov,Cleveland Cavaliers,def,7898.0,11732.0,10070.0,15991.0,3107.0,2050.0,992.0,55.0,6334.0,4015.0,1756.0,1331.0,220.0,6635.0
Timofey Mozgov,Cleveland Cavaliers,of,9183.0,14167.0,11428.0,19598.0,3185.0,1941.0,994.0,47.0,7022.0,3773.0,1922.0,1104.0,204.0,6982.0
Tobias Harris,Orlando Magic,def,8789.0,22083.0,10865.0,21234.0,8368.0,18197.0,5327.0,4641.0,15975.0,8961.0,18464.0,5227.0,6365.0,18097.0
Tobias Harris,Orlando Magic,of,9422.0,21383.0,10150.0,22309.0,10382.0,19081.0,5911.0,5915.0,16279.0,9272.0,17796.0,4603.0,5714.0,17773.0
Tony Allen,Memphis Grizzlies,def,5048.0,12499.0,5309.0,11233.0,6582.0,10878.0,5959.0,2733.0,9499.0,7141.0,11368.0,6684.0,3777.0,10154.0
Tony Allen,Memphis Grizzlies,of,5812.0,13739.0,6078.0,12501.0,7361.0,10715.0,5683.0,2144.0,10549.0,7491.0,12550.0,7674.0,4683.0,11472.0
Tony Parker,San Antonio Spurs,def,6457.0,24418.0,5446.0,6884.0,7705.0,16759.0,5909.0,3233.0,8434.0,8120.0,15632.0,5751.0,4909.0,7921.0
Tony Parker,San Antonio Spurs,of,7822.0,29318.0,6716.0,8206.0,9111.0,19810.0,6530.0,4116.0,9084.0,9613.0,16314.0,6481.0,4013.0,9458.0
Tony Snell,Chicago Bulls,def,3919.0,11114.0,4440.0,7570.0,5526.0,12760.0,5610.0,6193.0,8881.0,4981.0,11201.0,3822.0,4788.0,7999.0
Tony Snell,Chicago Bulls,of,3796.0,12188.0,4306.0,8632.0,5999.0,14903.0,5640.0,5983.0,10591.0,5381.0,12616.0,4672.0,6020.0,10654.0
Trevor Ariza,Houston Rockets,def,9743.0,24791.0,8698.0,14905.0,11221.0,27930.0,6462.0,8542.0,12953.0,11055.0,23889.0,7226.0,12328.0,15801.0
Trevor Ariza,Houston Rockets,of,10112.0,24735.0,7958.0,14224.0,10339.0,26384.0,5841.0,7260.0,12330.0,10534.0,25688.0,6458.0,12611.0,13164.0
Trevor Booker,Utah Jazz,def,15863.0,25510.0,14870.0,28034.0,6457.0,4179.0,1998.0,793.0,14118.0,6588.0,2681.0,1558.0,801.0,14010.0
Trevor Booker,Utah Jazz,of,15382.0,23865.0,15293.0,26200.0,6210.0,3569.0,1629.0,923.0,13769.0,6811.0,2670.0,1508.0,523.0,13931.0
Trey Burke,Utah Jazz,def,7247.0,29903.0,6748.0,7324.0,8651.0,23294.0,4163.0,5137.0,8659.0,7268.0,17452.0,3636.0,4334.0,8196.0
Trey Burke,Utah Jazz,of,7537.0,31969.0,6988.0,7548.0,9311.0,23353.0,4310.0,4920.0,9196.0,7641.0,18388.0,4006.0,5191.0,10259.0
Trey Lyles,Utah Jazz,def,12047.0,17577.0,10606.0,17309.0,5025.0,2929.0,1868.0,1661.0,13129.0,5239.0,2395.0,1700.0,1081.0,12001.0
Trey Lyles,Utah Jazz,of,12204.0,16524.0,10033.0,16873.0,4908.0,3018.0,1696.0,1246.0,11079.0,6007.0,2542.0,1963.0,1514.0,12049.0
Tristan Thompson,Cleveland Cavaliers,def,15389.0,23707.0,16368.0,29666.0,6286.0,3038.0,710.0,44.0,13170.0,7179.0,2873.0,1293.0,85.0,13416.0
Tristan Thompson,Cleveland Cavaliers,of,14925.0,22160.0,16356.0,28100.0,5793.0,2991.0,1140.0,52.0,12136.0,7902.0,3396.0,1364.0,30.0,12871.0
Troy Daniels,Charlotte Hornets,def,798.0,1851.0,858.0,1690.0,819.0,2004.0,1265.0,821.0,1506.0,1171.0,2307.0,1396.0,1107.0,1581.0
Troy Daniels,Charlotte Hornets,of,1662.0,4007.0,1663.0,2804.0,1919.0,4855.0,2207.0,1272.0,3148.0,1659.0,3937.0,2280.0,2222.0,2820.0
Tyler Ennis,Milwaukee Bucks,def,1165.0,5196.0,1180.0,1658.0,1270.0,3319.0,712.0,410.0,1876.0,1256.0,3158.0,543.0,451.0,1508.0
Tyler Ennis,Milwaukee Bucks,of,1287.0,5746.0,1269.0,1721.0,1403.0,3655.0,561.0,324.0,1874.0,992.0,2906.0,483.0,277.0,1362.0
Tyler Johnson,Miami Heat,def,6051.0,22452.0,5256.0,8364.0,6574.0,12784.0,3627.0,2669.0,7928.0,7290.0,13113.0,2885.0,4080.0,8492.0
Tyler Johnson,Miami Heat,of,5134.0,19493.0,4042.0,7974.0,6192.0,12584.0,4437.0,3540.0,7628.0,5419.0,12025.0,2379.0,4361.0,7225.0
Tyler Zeller,Boston Celtics,def,3936.0,6707.0,6088.0,8219.0,1495.0,846.0,434.0,51.0,3442.0,1683.0,571.0,468.0,49.0,2980.0
Tyler Zeller,Boston Celtics,of,2831.0,4090.0,4422.0,6222.0,1247.0,548.0,224.0,18.0,2246.0,1003.0,457.0,235.0,4.0,2146.0
Tyreke Evans,New Orleans Pelicans,def,4671.0,20359.0,4955.0,7995.0,6048.0,11843.0,2684.0,377.0,9748.0,4539.0,11628.0,2128.0,578.0,7651.0
Tyreke Evans,New Orleans Pelicans,of,4950.0,19914.0,4878.0,8151.0,5368.0,12808.0,2020.0,555.0,8300.0,5332.0,12013.0,2446.0,709.0,8318.0
Tyson Chandler,Phoenix Suns,def,9301.0,17628.0,13939.0,25534.0,4421.0,1483.0,253.0,21.0,6885.0,4742.0,1109.0,321.0,61.0,8384.0
Tyson Chandler,Phoenix Suns,of,10631.0,19360.0,14651.0,28026.0,5026.0,1426.0,256.0,18.0,7633.0,4976.0,1215.0,414.0,127.0,8621.0
Tyus Jones,Minnesota Timberwolves,def,633.0,3404.0,517.0,838.0,506.0,1619.0,305.0,181.0,775.0,555.0,1218.0,491.0,253.0,627.0
Tyus Jones,Minnesota Timberwolves,of,712.0,3479.0,806.0,840.0,981.0,2024.0,404.0,134.0,1188.0,674.0,1588.0,312.0,275.0,868.0
Udonis Haslem,Miami Heat,def,2675.0,3999.0,3178.0,4616.0,1180.0,705.0,406.0,77.0,1705.0,1032.0,600.0,572.0,203.0,1976.0
Udonis Haslem,Miami Heat,of,2151.0,3204.0,2247.0,3508.0,1020.0,774.0,324.0,195.0,1603.0,866.0,473.0,708.0,197.0,1780.0
Victor Oladipo,Orlando Magic,def,6991.0,27851.0,8510.0,14044.0,8161.0,18790.0,5468.0,3420.0,9807.0,7432.0,16957.0,5036.0,4095.0,11060.0
Victor Oladipo,Orlando Magic,of,6852.0,27311.0,7841.0,13311.0,7255.0,18744.0,5632.0,3537.0,10367.0,7369.0,15824.0,4972.0,4377.0,10047.0
Vince Carter,Memphis Grizzlies,def,3882.0,9615.0,3683.0,5885.0,3496.0,4933.0,1897.0,1299.0,5205.0,3043.0,4951.0,1518.0,1562.0,4625.0
Vince Carter,Memphis Grizzlies,of,2838.0,6389.0,2585.0,4615.0,2275.0,4027.0,1205.0,728.0,3029.0,2471.0,3453.0,1165.0,912.0,3750.0
Wayne Ellington,Brooklyn Nets,def,3971.0,9376.0,3910.0,5801.0,6307.0,13429.0,3624.0,5082.0,8996.0,4955.0,14327.0,4128.0,8275.0,7685.0
Wayne Ellington,Brooklyn Nets,of,3464.0,9538.0,3627.0,5667.0,5197.0,13153.0,3247.0,5675.0,8518.0,5304.0,12329.0,3993.0,7916.0,8137.0
Wesley Johnson,Los Angeles Clippers,def,4987.0,11685.0,4866.0,8375.0,4795.0,10376.0,4085.0,6178.0,6654.0,4293.0,8539.0,3302.0,5154.0,7845.0
Wesley Johnson,Los Angeles Clippers,of,5639.0,12973.0,5435.0,9799.0,6062.0,12081.0,4890.0,6431.0,9948.0,6048.0,10825.0,4552.0,6225.0,9419.0
Wesley Matthews,Dallas Mavericks,def,7844.0,20232.0,7530.0,11746.0,9005.0,24373.0,6494.0,6661.0,13583.0,9433.0,21210.0,7538.0,6020.0,14696.0
Wesley Matthews,Dallas Mavericks,of,7553.0,19933.0,7059.0,11018.0,9111.0,22984.0,6151.0,6670.0,11540.0,10255.0,20217.0,6837.0,5710.0,14176.0
Will Barton,Denver Nuggets,def,8996.0,23735.0,8774.0,17194.0,8619.0,23708.0,5642.0,8913.0,13058.0,9239.0,16666.0,4744.0,6103.0,13987.0
Will Barton,Denver Nuggets,of,8915.0,25267.0,8337.0,17103.0,9587.0,25029.0,5278.0,8263.0,13787.0,10203.0,18343.0,5384.0,6256.0,16086.0
Willie Cauley-Stein,Sacramento Kings,def,7457.0,9857.0,9430.0,14847.0,3313.0,2427.0,648.0,88.0,8199.0,3547.0,2166.0,1022.0,53.0,9674.0
Willie Cauley-Stein,Sacramento Kings,of,6012.0,8638.0,8331.0,13969.0,3156.0,2062.0,680.0,15.0,7635.0,2649.0,1789.0,666.0,60.0,8467.0
Willie Reed,Brooklyn Nets,def,3593.0,4322.0,4069.0,7094.0,1385.0,469.0,219.0,10.0,4259.0,1365.0,514.0,150.0,8.0,3484.0
Willie Reed,Brooklyn Nets,of,3433.0,5092.0,3543.0,8455.0,1294.0,459.0,259.0,5.0,3966.0,1644.0,300.0,199.0,19.0,3253.0
Zach LaVine,Minnesota Timberwolves,def,6468.0,30057.0,6521.0,10338.0,6984.0,17669.0,3564.0,1573.0,7615.0,7118.0,16085.0,4251.0,2893.0,7912.0
Zach LaVine,Minnesota Timberwolves,of,7155.0,33689.0,7678.0,13459.0,8029.0,21497.0,4744.0,1947.0,9499.0,7842.0,16690.0,4192.0,2383.0,8561.0
Zach Randolph,Memphis Grizzlies,def,15200.0,26532.0,15322.0,29583.0,5429.0,2813.0,1143.0,197.0,10664.0,10711.0,3833.0,2388.0,226.0,17545.0
Zach Randolph,Memphis Grizzlies,of,16556.0,28704.0,15781.0,33148.0,5951.0,3103.0,1037.0,102.0,11280.0,11606.0,4105.0,2910.0,379.0,21579.0
Zaza Pachulia,Dallas Mavericks,def,19088.0,24009.0,21641.0,34179.0,6845.0,1598.0,803.0,76.0,14875.0,9887.0,1739.0,945.0,71.0,15526.0
Zaza Pachulia,Dallas Mavericks,of,20137.0,26302.0,21675.0,34684.0,7125.0,2056.0,785.0,249.0,14348.0,9923.0,1721.0,978.0,91.0,15605.0
